[02oct2026 17:34:01.825] [main/INFO] [cpw.mods.modlauncher.Launcher/MODLAUNCHER]: ModLauncher running: args [--launchTarget, forge_userdev_client, --version, MOD_DEV, --assetIndex, 30, --assetsDir, C:\Users\Luis Morales Cardena\AppData\Roaming\.minecraft\assets, --gameDir, .]
[02oct2026 17:34:01.826] [main/INFO] [cpw.mods.modlauncher.Launcher/MODLAUNCHER]: JVM identified as Eclipse Adoptium OpenJDK 64-Bit Server VM 25.0.4.1+1-LTS
[02oct2026 17:34:01.827] [main/INFO] [cpw.mods.modlauncher.Launcher/MODLAUNCHER]: ModLauncher 10.2.4 starting: java version 25.0.4.1 by Eclipse Adoptium; OS Windows 11 arch amd64 version 10.0
[02oct2026 17:34:01.843] [main/DEBUG] [cpw.mods.modlauncher.LaunchServiceHandler/MODLAUNCHER]: Found launch services [minecraft,forge_userdev_server_gametest,forge_dev_client,forge_userdev_data,forge_dev_server_gametest,forge_dev_client_data,forge_userdev_server,forge_client,forge_server,forge_userdev_client_data,forge_userdev_client,forge_dev_data,forge_dev,testharness,forge_userdev,forge_dev_server]
[02oct2026 17:34:01.848] [main/DEBUG] [cpw.mods.modlauncher.NameMappingServiceHandler/MODLAUNCHER]: Found naming services : [srgtomcp]
[02oct2026 17:34:01.860] [main/DEBUG] [cpw.mods.modlauncher.LaunchPluginHandler/MODLAUNCHER]: Found launch plugins: [mixin,slf4jfixer,runtime_enum_extender,capability_token_subclass,accesstransformer,runtimedistcleaner]
[02oct2026 17:34:01.866] [main/DEBUG] [cpw.mods.modlauncher.TransformationServicesHandler/MODLAUNCHER]: Discovering transformation services
[02oct2026 17:34:01.867] [main/DEBUG] [net.minecraftforge.fml.loading.FMLPaths/CORE]: Path GAMEDIR is C:\MyDevelopProjects\mods_minecraft\learning-mod\run
[02oct2026 17:34:01.868] [main/DEBUG] [net.minecraftforge.fml.loading.FMLPaths/CORE]: Path MODSDIR is C:\MyDevelopProjects\mods_minecraft\learning-mod\run\mods
[02oct2026 17:34:01.868] [main/DEBUG] [net.minecraftforge.fml.loading.FMLPaths/CORE]: Path CONFIGDIR is C:\MyDevelopProjects\mods_minecraft\learning-mod\run\config
[02oct2026 17:34:01.868] [main/DEBUG] [net.minecraftforge.fml.loading.FMLPaths/CORE]: Path FMLCONFIG is C:\MyDevelopProjects\mods_minecraft\learning-mod\run\config\fml.toml
[02oct2026 17:34:01.900] [main/INFO] [net.minecraftforge.fml.loading.ImmediateWindowHandler/]: Loading ImmediateWindowProvider fmlearlywindow
[02oct2026 17:34:02.111] [main/INFO] [EARLYDISPLAY/]: Trying GL version 4.6
[02oct2026 17:34:02.295] [main/INFO] [EARLYDISPLAY/]: Requested GL version 4.6 got version 4.6
[02oct2026 17:34:02.347] [main/DEBUG] [cpw.mods.modlauncher.TransformationServicesHandler/MODLAUNCHER]: Found transformer service: fml: /
[02oct2026 17:34:02.348] [main/DEBUG] [cpw.mods.modlauncher.TransformationServicesHandler/MODLAUNCHER]: Found transformer service: forge: /
[02oct2026 17:34:02.350] [main/DEBUG] [cpw.mods.modlauncher.TransformationServicesHandler/MODLAUNCHER]: Found transformer service: mixin: /
[02oct2026 17:34:02.350] [main/DEBUG] [cpw.mods.modlauncher.TransformationServicesHandler/MODLAUNCHER]: Transformation services loading
[02oct2026 17:34:02.350] [main/DEBUG] [cpw.mods.modlauncher.TransformationServiceDecorator/MODLAUNCHER]: Loading service mixin
[02oct2026 17:34:02.350] [main/DEBUG] [cpw.mods.modlauncher.TransformationServiceDecorator/MODLAUNCHER]: Loaded service mixin
[02oct2026 17:34:02.350] [main/DEBUG] [cpw.mods.modlauncher.TransformationServiceDecorator/MODLAUNCHER]: Loading service fml
[02oct2026 17:34:02.354] [main/DEBUG] [net.minecraftforge.fml.loading.FMLLoader/CORE]: Detected version data : VersionInfo[forgeVersion=62.0.9, mcVersion=26.1, mcpVersion=20260326.105027, forgeGroup=net.minecraftforge]
[02oct2026 17:34:02.355] [main/DEBUG] [net.minecraftforge.fml.loading.LauncherVersion/CORE]: Found FMLLauncher version 62.0.9
[02oct2026 17:34:02.355] [main/DEBUG] [net.minecraftforge.fml.loading.FMLLoader/CORE]: FML 62.0.9 loading
[02oct2026 17:34:02.355] [main/DEBUG] [net.minecraftforge.fml.loading.FMLLoader/CORE]: Found ModLauncher version: 10.2.4
[02oct2026 17:34:02.355] [main/DEBUG] [net.minecraftforge.fml.loading.FMLLoader/CORE]: Found AccessTransformer version: 8.2.2
[02oct2026 17:34:02.355] [main/DEBUG] [net.minecraftforge.fml.loading.FMLLoader/CORE]: Found RuntimeDistCleaner version: 62.0.9
[02oct2026 17:34:02.356] [main/DEBUG] [net.minecraftforge.fml.loading.FMLLoader/CORE]: Found ForgeSPI version: 8.0.0
[02oct2026 17:34:02.356] [main/DEBUG] [cpw.mods.modlauncher.TransformationServiceDecorator/MODLAUNCHER]: Loaded service fml
[02oct2026 17:34:02.356] [main/DEBUG] [cpw.mods.modlauncher.TransformationServiceDecorator/MODLAUNCHER]: Loading service forge
[02oct2026 17:34:02.356] [main/DEBUG] [cpw.mods.modlauncher.TransformationServiceDecorator/MODLAUNCHER]: Loaded service forge
[02oct2026 17:34:02.356] [main/DEBUG] [cpw.mods.modlauncher.TransformationServicesHandler/MODLAUNCHER]: Configuring option handling for services
[02oct2026 17:34:02.359] [main/DEBUG] [cpw.mods.modlauncher.TransformationServicesHandler/MODLAUNCHER]: Transformation services initializing
[02oct2026 17:34:02.359] [main/DEBUG] [cpw.mods.modlauncher.TransformationServiceDecorator/MODLAUNCHER]: Initializing transformation service mixin
[02oct2026 17:34:02.378] [main/DEBUG] [mixin/]: MixinService [ModLauncher] was successfully booted in SecureModuleClassLoader[SECURE-BOOTSTRAP]@593687897
[02oct2026 17:34:02.387] [main/INFO] [mixin/]: SpongePowered MIXIN Subsystem Version=0.8.7 Source=jar:file:///C:/Users/Luis%20Morales%20Cardena/.gradle/caches/modules-2/files-2.1/org.spongepowered/mixin/0.8.7/8ab114ac385e6dbdad5efafe28aba4df8120915f/mixin-0.8.7.jar!/ Service=ModLauncher Env=CLIENT
[02oct2026 17:34:02.390] [main/DEBUG] [mixin/]: Initialising Mixin Platform Manager
[02oct2026 17:34:02.390] [main/DEBUG] [mixin/]: Adding mixin platform agents for container ModLauncher Root Container(ModLauncher:4f56a0a2)
[02oct2026 17:34:02.391] [main/DEBUG] [mixin/]: Instancing new MixinPlatformAgentMinecraftForge for ModLauncher Root Container(ModLauncher:4f56a0a2)
[02oct2026 17:34:02.391] [main/DEBUG] [mixin/]: MixinPlatformAgentMinecraftForge rejected container ModLauncher Root Container(ModLauncher:4f56a0a2)
[02oct2026 17:34:02.391] [main/DEBUG] [mixin/]: Instancing new MixinPlatformAgentDefault for ModLauncher Root Container(ModLauncher:4f56a0a2)
[02oct2026 17:34:02.391] [main/DEBUG] [mixin/]: MixinPlatformAgentDefault accepted container ModLauncher Root Container(ModLauncher:4f56a0a2)
[02oct2026 17:34:02.393] [main/DEBUG] [cpw.mods.modlauncher.TransformationServiceDecorator/MODLAUNCHER]: Initialized transformation service mixin
[02oct2026 17:34:02.393] [main/DEBUG] [cpw.mods.modlauncher.TransformationServiceDecorator/MODLAUNCHER]: Initializing transformation service fml
[02oct2026 17:34:02.393] [main/DEBUG] [net.minecraftforge.fml.loading.FMLServiceProvider/CORE]: Setting up basic FML game directories
[02oct2026 17:34:02.393] [main/DEBUG] [net.minecraftforge.fml.loading.FMLPaths/CORE]: Path GAMEDIR is C:\MyDevelopProjects\mods_minecraft\learning-mod\run
[02oct2026 17:34:02.395] [main/DEBUG] [net.minecraftforge.fml.loading.FMLPaths/CORE]: Path MODSDIR is C:\MyDevelopProjects\mods_minecraft\learning-mod\run\mods
[02oct2026 17:34:02.395] [main/DEBUG] [net.minecraftforge.fml.loading.FMLPaths/CORE]: Path CONFIGDIR is C:\MyDevelopProjects\mods_minecraft\learning-mod\run\config
[02oct2026 17:34:02.395] [main/DEBUG] [net.minecraftforge.fml.loading.FMLPaths/CORE]: Path FMLCONFIG is C:\MyDevelopProjects\mods_minecraft\learning-mod\run\config\fml.toml
[02oct2026 17:34:02.395] [main/DEBUG] [net.minecraftforge.fml.loading.FMLServiceProvider/CORE]: Loading configuration
[02oct2026 17:34:02.397] [main/DEBUG] [net.minecraftforge.fml.loading.FMLServiceProvider/CORE]: Preparing ModFile
[02oct2026 17:34:02.399] [main/DEBUG] [net.minecraftforge.fml.loading.FMLServiceProvider/CORE]: Preparing launch handler
[02oct2026 17:34:02.399] [main/DEBUG] [net.minecraftforge.fml.loading.FMLLoader/CORE]: Using forge_userdev_client as launch service
[02oct2026 17:34:02.402] [main/DEBUG] [cpw.mods.modlauncher.TransformationServiceDecorator/MODLAUNCHER]: Initialized transformation service fml
[02oct2026 17:34:02.403] [main/DEBUG] [cpw.mods.modlauncher.TransformationServiceDecorator/MODLAUNCHER]: Initializing transformation service forge
[02oct2026 17:34:02.403] [main/DEBUG] [cpw.mods.modlauncher.TransformationServiceDecorator/MODLAUNCHER]: Initialized transformation service forge
[02oct2026 17:34:02.403] [main/DEBUG] [cpw.mods.modlauncher.NameMappingServiceHandler/MODLAUNCHER]: Current naming domain is 'mcp'
[02oct2026 17:34:02.403] [main/DEBUG] [cpw.mods.modlauncher.NameMappingServiceHandler/MODLAUNCHER]: Identified name mapping providers {srg=net.minecraftforge.fml.loading.MCPNamingService@73017a80}
[02oct2026 17:34:02.403] [main/DEBUG] [cpw.mods.modlauncher.TransformationServicesHandler/MODLAUNCHER]: Transformation services begin scanning
[02oct2026 17:34:02.404] [main/DEBUG] [cpw.mods.modlauncher.TransformationServiceDecorator/MODLAUNCHER]: Beginning scan trigger - transformation service mixin
[02oct2026 17:34:02.404] [main/DEBUG] [cpw.mods.modlauncher.TransformationServiceDecorator/MODLAUNCHER]: End scan trigger - transformation service mixin
[02oct2026 17:34:02.404] [main/DEBUG] [cpw.mods.modlauncher.TransformationServiceDecorator/MODLAUNCHER]: Beginning scan trigger - transformation service fml
[02oct2026 17:34:02.404] [main/DEBUG] [net.minecraftforge.fml.loading.FMLServiceProvider/CORE]: Initiating mod scan
[02oct2026 17:34:02.415] [main/DEBUG] [net.minecraftforge.fml.loading.moddiscovery.ModDiscoverer/CORE]: Found Mod Locators : (mods folder:null),(minecraft:null),(classpath:null),(forge_dev_locator:null),(forge_userdev_locator:null)
[02oct2026 17:34:02.416] [main/DEBUG] [net.minecraftforge.fml.loading.moddiscovery.ModDiscoverer/CORE]: Found Dependency Locators : (JarInJar:null)
[02oct2026 17:34:02.436] [EarlyDisplay/INFO] [EARLYDISPLAY/]: GL info: NVIDIA GeForce RTX 4060 Laptop GPU/PCIe/SSE2 GL version 4.6.0 NVIDIA 596.49, NVIDIA Corporation
[02oct2026 17:34:02.774] [main/DEBUG] [net.minecraftforge.fml.loading.moddiscovery.ModFileInfo/LOADING]: Found valid mod file union:/C:/MyDevelopProjects/mods_minecraft/learning-mod/.gradle/mavenizer/repo/net/minecraftforge/forge/26.1-62.0.9/forge-26.1-62.0.9.jar%230!/ with {minecraft} mods - versions {26.1}
[02oct2026 17:34:03.102] [main/DEBUG] [net.minecraftforge.fml.loading.moddiscovery.JarInJarDependencyLocator/JAR-JAR]: Found JarJar Option: C:\Users\Luis Morales Cardena\.gradle\caches\modules-2\files-2.1\io.github.llamalad7\mixinextras-forge\0.5.3\fe08b69a00bf9fe41dd37eab99b2661f655e23f0\mixinextras-forge-0.5.3.jar
[02oct2026 17:34:03.128] [main/DEBUG] [net.minecraftforge.fml.loading.moddiscovery.ModFileParser/LOADING]: Considering mod file candidate C:\MyDevelopProjects\mods_minecraft\learning-mod\build\sourceSets\main
[02oct2026 17:34:03.134] [main/DEBUG] [net.minecraftforge.fml.loading.moddiscovery.ModFileInfo/LOADING]: Found valid mod file C:\MyDevelopProjects\mods_minecraft\learning-mod\build\sourceSets\main with {examplemod} mods - versions {1.0.0}
[02oct2026 17:34:03.216] [main/DEBUG] [net.minecraftforge.fml.loading.moddiscovery.ModFileParser/LOADING]: Considering mod file candidate /
[02oct2026 17:34:03.219] [main/DEBUG] [net.minecraftforge.fml.loading.moddiscovery.ModFileInfo/LOADING]: Found valid mod file union:/C:/MyDevelopProjects/mods_minecraft/learning-mod/.gradle/mavenizer/repo/net/minecraftforge/forge/26.1-62.0.9/forge-26.1-62.0.9.jar%231!/ with {forge} mods - versions {62.0.9}
[02oct2026 17:34:03.227] [main/DEBUG] [net.minecraftforge.fml.loading.moddiscovery.JarInJarDependencyLocator/JAR-JAR]: Failed to load resource META-INF/jarjar/metadata.json from , it does not contain dependency information.
[02oct2026 17:34:03.232] [main/DEBUG] [net.minecraftforge.fml.loading.moddiscovery.JarInJarDependencyLocator/JAR-JAR]: Failed to load resource META-INF/jarjar/metadata.json from , it does not contain dependency information.
[02oct2026 17:34:03.232] [main/DEBUG] [net.minecraftforge.fml.loading.moddiscovery.JarInJarDependencyLocator/JAR-JAR]: Failed to load resource META-INF/jarjar/metadata.json from javafmllanguage-26.1-62.0.9.jar, it does not contain dependency information.
[02oct2026 17:34:03.232] [main/DEBUG] [net.minecraftforge.fml.loading.moddiscovery.JarInJarDependencyLocator/JAR-JAR]: Failed to load resource META-INF/jarjar/metadata.json from lowcodelanguage-26.1-62.0.9.jar, it does not contain dependency information.
[02oct2026 17:34:03.232] [main/DEBUG] [net.minecraftforge.fml.loading.moddiscovery.JarInJarDependencyLocator/JAR-JAR]: Failed to load resource META-INF/jarjar/metadata.json from mclanguage-26.1-62.0.9.jar, it does not contain dependency information.
[02oct2026 17:34:03.232] [main/DEBUG] [net.minecraftforge.fml.loading.moddiscovery.JarInJarDependencyLocator/JAR-JAR]: Failed to load resource META-INF/jarjar/metadata.json from fmlcore-26.1-62.0.9.jar, it does not contain dependency information.
[02oct2026 17:34:03.233] [main/DEBUG] [net.minecraftforge.fml.loading.moddiscovery.JarInJarDependencyLocator/JAR-JAR]: Failed to load resource META-INF/jarjar/metadata.json from main, it does not contain dependency information.
[02oct2026 17:34:03.233] [main/INFO] [net.minecraftforge.fml.loading.moddiscovery.JarInJarDependencyLocator/]: No dependencies to load found. Skipping!
[02oct2026 17:34:03.235] [main/DEBUG] [net.minecraftforge.fml.loading.moddiscovery.ModFile/LOADING]: Loading mod file union:/C:/MyDevelopProjects/mods_minecraft/learning-mod/.gradle/mavenizer/repo/net/minecraftforge/forge/26.1-62.0.9/forge-26.1-62.0.9.jar%230!/ with languages [LanguageSpec[languageName=minecraft, acceptedVersions=1]]
[02oct2026 17:34:03.236] [main/DEBUG] [net.minecraftforge.fml.loading.moddiscovery.ModFile/LOADING]: Loading mod file union:/C:/MyDevelopProjects/mods_minecraft/learning-mod/.gradle/mavenizer/repo/net/minecraftforge/forge/26.1-62.0.9/forge-26.1-62.0.9.jar%231!/ with languages [LanguageSpec[languageName=javafml, acceptedVersions=[24,]]]
[02oct2026 17:34:03.236] [main/DEBUG] [net.minecraftforge.fml.loading.moddiscovery.ModFile/LOADING]: Loading mod file C:\MyDevelopProjects\mods_minecraft\learning-mod\build\sourceSets\main with languages [LanguageSpec[languageName=javafml, acceptedVersions=[62,)]]
[02oct2026 17:34:03.237] [main/DEBUG] [cpw.mods.modlauncher.TransformationServiceDecorator/MODLAUNCHER]: End scan trigger - transformation service fml
[02oct2026 17:34:03.237] [main/DEBUG] [cpw.mods.modlauncher.TransformationServiceDecorator/MODLAUNCHER]: Beginning scan trigger - transformation service forge
[02oct2026 17:34:03.237] [main/DEBUG] [cpw.mods.modlauncher.TransformationServiceDecorator/MODLAUNCHER]: End scan trigger - transformation service forge
[02oct2026 17:34:03.255] [main/DEBUG] [net.minecraftforge.fml.loading.LanguageLoadingProvider/CORE]: Found 3 language providers
[02oct2026 17:34:03.256] [main/DEBUG] [net.minecraftforge.fml.loading.LanguageLoadingProvider/CORE]: Found language provider minecraft, version 1.0
[02oct2026 17:34:03.256] [main/DEBUG] [net.minecraftforge.fml.loading.LanguageLoadingProvider/CORE]: Found language provider lowcodefml, version 62
[02oct2026 17:34:03.257] [main/DEBUG] [net.minecraftforge.fml.loading.LanguageLoadingProvider/CORE]: Found language provider javafml, version 62.0.9
[02oct2026 17:34:03.259] [main/DEBUG] [net.minecraftforge.fml.loading.ModSorter/]: Configured system mods: [minecraft, forge]
[02oct2026 17:34:03.260] [main/DEBUG] [net.minecraftforge.fml.loading.ModSorter/]: Found system mod: minecraft
[02oct2026 17:34:03.260] [main/DEBUG] [net.minecraftforge.fml.loading.ModSorter/]: Found system mod: forge
[02oct2026 17:34:03.261] [main/DEBUG] [net.minecraftforge.fml.loading.ModSorter/LOADING]: Found 2 mod requirements (2 mandatory, 0 optional)
[02oct2026 17:34:03.261] [main/DEBUG] [net.minecraftforge.fml.loading.ModSorter/LOADING]: Found 0 mod requirements missing (0 mandatory, 0 optional)
[02oct2026 17:34:03.314] [main/DEBUG] [net.minecraftforge.fml.loading.MCPNamingService/CORE]: Loaded 0 method mappings from methods.csv
[02oct2026 17:34:03.316] [main/DEBUG] [net.minecraftforge.fml.loading.MCPNamingService/CORE]: Loaded 0 field mappings from fields.csv
[02oct2026 17:34:03.349] [main/DEBUG] [cpw.mods.modlauncher.TransformationServicesHandler/MODLAUNCHER]: Transformation services loading transformers
[02oct2026 17:34:03.350] [main/DEBUG] [cpw.mods.modlauncher.TransformationServiceDecorator/MODLAUNCHER]: Initializing transformers for transformation service mixin
[02oct2026 17:34:03.351] [main/DEBUG] [cpw.mods.modlauncher.TransformationServiceDecorator/MODLAUNCHER]: Initialized transformers for transformation service mixin
[02oct2026 17:34:03.351] [main/DEBUG] [cpw.mods.modlauncher.TransformationServiceDecorator/MODLAUNCHER]: Initializing transformers for transformation service fml
[02oct2026 17:34:03.352] [main/DEBUG] [cpw.mods.modlauncher.TransformationServiceDecorator/MODLAUNCHER]: Initialized transformers for transformation service fml
[02oct2026 17:34:03.352] [main/DEBUG] [cpw.mods.modlauncher.TransformationServiceDecorator/MODLAUNCHER]: Initializing transformers for transformation service forge
[02oct2026 17:34:03.363] [main/DEBUG] [cpw.mods.modlauncher.TransformStore/MODLAUNCHER]: Adding transformer FieldToMethodTransformer[className=net.minecraft.world.level.biome.Biome, fields={climateSettings=getModifiedClimateSettings, specialEffects=getModifiedSpecialEffects}] to Target : CLASS {Lnet/minecraft/world/level/biome/Biome;} {} {V}
[02oct2026 17:34:03.365] [main/DEBUG] [cpw.mods.modlauncher.TransformStore/MODLAUNCHER]: Adding transformer FieldToMethodTransformer[className=net.minecraft.world.level.block.FlowerPotBlock, fields={potted=getPotted}] to Target : CLASS {Lnet/minecraft/world/level/block/FlowerPotBlock;} {} {V}
[02oct2026 17:34:03.365] [main/DEBUG] [cpw.mods.modlauncher.TransformStore/MODLAUNCHER]: Adding transformer FieldToMethodTransformer[className=net.minecraft.world.level.block.LiquidBlock, fields={fluid=getFluid}] to Target : CLASS {Lnet/minecraft/world/level/block/LiquidBlock;} {} {V}
[02oct2026 17:34:03.365] [main/DEBUG] [cpw.mods.modlauncher.TransformStore/MODLAUNCHER]: Adding transformer FieldToMethodTransformer[className=net.minecraft.world.effect.MobEffectInstance, fields={effect=getEffect}] to Target : CLASS {Lnet/minecraft/world/effect/MobEffectInstance;} {} {V}
[02oct2026 17:34:03.365] [main/DEBUG] [cpw.mods.modlauncher.TransformStore/MODLAUNCHER]: Adding transformer FieldToMethodTransformer[className=net.minecraft.world.item.BucketItem, fields={content=getFluid}] to Target : CLASS {Lnet/minecraft/world/item/BucketItem;} {} {V}
[02oct2026 17:34:03.367] [main/DEBUG] [cpw.mods.modlauncher.TransformStore/MODLAUNCHER]: Adding transformer MethodRedirector[] to Target : CLASS {Lnet/minecraft/world/entity/monster/zombie/Husk;} {} {V}
[02oct2026 17:34:03.367] [main/DEBUG] [cpw.mods.modlauncher.TransformStore/MODLAUNCHER]: Adding transformer MethodRedirector[] to Target : CLASS {Lnet/minecraft/world/entity/monster/zombie/Drowned;} {} {V}
[02oct2026 17:34:03.367] [main/DEBUG] [cpw.mods.modlauncher.TransformStore/MODLAUNCHER]: Adding transformer MethodRedirector[] to Target : CLASS {Lnet/minecraft/server/commands/SummonCommand;} {} {V}
[02oct2026 17:34:03.367] [main/DEBUG] [cpw.mods.modlauncher.TransformStore/MODLAUNCHER]: Adding transformer MethodRedirector[] to Target : CLASS {Lnet/minecraft/world/level/levelgen/structure/templatesystem/StructureTemplate;} {} {V}
[02oct2026 17:34:03.367] [main/DEBUG] [cpw.mods.modlauncher.TransformStore/MODLAUNCHER]: Adding transformer MethodRedirector[] to Target : CLASS {Lnet/minecraft/world/entity/monster/spider/Spider;} {} {V}
[02oct2026 17:34:03.367] [main/DEBUG] [cpw.mods.modlauncher.TransformStore/MODLAUNCHER]: Adding transformer MethodRedirector[] to Target : CLASS {Lnet/minecraft/world/entity/monster/illager/Evoker$EvokerSummonSpellGoal;} {} {V}
[02oct2026 17:34:03.367] [main/DEBUG] [cpw.mods.modlauncher.TransformStore/MODLAUNCHER]: Adding transformer MethodRedirector[] to Target : CLASS {Lnet/minecraft/world/entity/animal/frog/Tadpole;} {} {V}
[02oct2026 17:34:03.367] [main/DEBUG] [cpw.mods.modlauncher.TransformStore/MODLAUNCHER]: Adding transformer MethodRedirector[] to Target : CLASS {Lnet/minecraft/world/entity/npc/CatSpawner;} {} {V}
[02oct2026 17:34:03.367] [main/DEBUG] [cpw.mods.modlauncher.TransformStore/MODLAUNCHER]: Adding transformer MethodRedirector[] to Target : CLASS {Lnet/minecraft/world/entity/animal/equine/SkeletonTrapGoal;} {} {V}
[02oct2026 17:34:03.367] [main/DEBUG] [cpw.mods.modlauncher.TransformStore/MODLAUNCHER]: Adding transformer MethodRedirector[] to Target : CLASS {Lnet/minecraft/world/level/levelgen/PatrolSpawner;} {} {V}
[02oct2026 17:34:03.367] [main/DEBUG] [cpw.mods.modlauncher.TransformStore/MODLAUNCHER]: Adding transformer MethodRedirector[] to Target : CLASS {Lnet/minecraft/server/commands/RaidCommand;} {} {V}
[02oct2026 17:34:03.368] [main/DEBUG] [cpw.mods.modlauncher.TransformStore/MODLAUNCHER]: Adding transformer MethodRedirector[] to Target : CLASS {Lnet/minecraft/world/level/block/entity/trialspawner/TrialSpawner;} {} {V}
[02oct2026 17:34:03.368] [main/DEBUG] [cpw.mods.modlauncher.TransformStore/MODLAUNCHER]: Adding transformer MethodRedirector[] to Target : CLASS {Lnet/minecraft/gametest/framework/GameTestHelper;} {} {V}
[02oct2026 17:34:03.368] [main/DEBUG] [cpw.mods.modlauncher.TransformStore/MODLAUNCHER]: Adding transformer MethodRedirector[] to Target : CLASS {Lnet/minecraft/world/level/levelgen/PhantomSpawner;} {} {V}
[02oct2026 17:34:03.368] [main/DEBUG] [cpw.mods.modlauncher.TransformStore/MODLAUNCHER]: Adding transformer MethodRedirector[] to Target : CLASS {Lnet/minecraft/world/entity/npc/villager/Villager;} {} {V}
[02oct2026 17:34:03.368] [main/DEBUG] [cpw.mods.modlauncher.TransformStore/MODLAUNCHER]: Adding transformer MethodRedirector[] to Target : CLASS {Lnet/minecraft/world/level/NaturalSpawner;} {} {V}
[02oct2026 17:34:03.368] [main/DEBUG] [cpw.mods.modlauncher.TransformStore/MODLAUNCHER]: Adding transformer MethodRedirector[] to Target : CLASS {Lnet/minecraft/world/entity/monster/Strider;} {} {V}
[02oct2026 17:34:03.368] [main/DEBUG] [cpw.mods.modlauncher.TransformStore/MODLAUNCHER]: Adding transformer MethodRedirector[] to Target : CLASS {Lnet/minecraft/world/level/levelgen/structure/structures/OceanRuinPieces$OceanRuinPiece;} {} {V}
[02oct2026 17:34:03.368] [main/DEBUG] [cpw.mods.modlauncher.TransformStore/MODLAUNCHER]: Adding transformer MethodRedirector[] to Target : CLASS {Lnet/minecraft/world/entity/ai/village/VillageSiege;} {} {V}
[02oct2026 17:34:03.369] [main/DEBUG] [cpw.mods.modlauncher.TransformStore/MODLAUNCHER]: Adding transformer MethodRedirector[] to Target : CLASS {Lnet/minecraft/world/level/levelgen/structure/structures/OceanMonumentPieces$OceanMonumentPiece;} {} {V}
[02oct2026 17:34:03.369] [main/DEBUG] [cpw.mods.modlauncher.TransformStore/MODLAUNCHER]: Adding transformer MethodRedirector[] to Target : CLASS {Lnet/minecraft/world/entity/EntityType;} {} {V}
[02oct2026 17:34:03.369] [main/DEBUG] [cpw.mods.modlauncher.TransformStore/MODLAUNCHER]: Adding transformer MethodRedirector[] to Target : CLASS {Lnet/minecraft/world/level/levelgen/structure/structures/WoodlandMansionPieces$WoodlandMansionPiece;} {} {V}
[02oct2026 17:34:03.369] [main/DEBUG] [cpw.mods.modlauncher.TransformStore/MODLAUNCHER]: Adding transformer MethodRedirector[] to Target : CLASS {Lnet/minecraft/world/entity/raid/Raid;} {} {V}
[02oct2026 17:34:03.369] [main/DEBUG] [cpw.mods.modlauncher.TransformStore/MODLAUNCHER]: Adding transformer MethodRedirector[] to Target : CLASS {Lnet/minecraft/world/level/levelgen/structure/structures/SwampHutPiece;} {} {V}
[02oct2026 17:34:03.369] [main/DEBUG] [cpw.mods.modlauncher.TransformStore/MODLAUNCHER]: Adding transformer MethodRedirector[] to Target : CLASS {Lnet/minecraft/world/entity/animal/equine/ZombieHorse;} {} {V}
[02oct2026 17:34:03.369] [main/DEBUG] [cpw.mods.modlauncher.TransformStore/MODLAUNCHER]: Adding transformer MethodRedirector[] to Target : CLASS {Lnet/minecraft/world/entity/monster/zombie/Zombie;} {} {V}
[02oct2026 17:34:03.369] [main/DEBUG] [cpw.mods.modlauncher.TransformStore/MODLAUNCHER]: Adding transformer MethodRedirector[] to Target : CLASS {Lnet/minecraft/world/entity/monster/zombie/ZombieVillager;} {} {V}
[02oct2026 17:34:03.369] [main/DEBUG] [cpw.mods.modlauncher.TransformationServiceDecorator/MODLAUNCHER]: Initialized transformers for transformation service forge
[02oct2026 17:34:03.437] [main/DEBUG] [mixin/]: Processing prepare() for PlatformAgent[MixinPlatformAgentDefault:ModLauncher Root Container(ModLauncher:4f56a0a2)]
[02oct2026 17:34:03.437] [main/DEBUG] [mixin/]: Processing launch tasks for PlatformAgent[MixinPlatformAgentDefault:ModLauncher Root Container(ModLauncher:4f56a0a2)]
[02oct2026 17:34:03.438] [main/DEBUG] [mixin/]: Adding mixin platform agents for container SecureJarResource(mixin.synthetic)
[02oct2026 17:34:03.438] [main/DEBUG] [mixin/]: Instancing new MixinPlatformAgentMinecraftForge for SecureJarResource(mixin.synthetic)
[02oct2026 17:34:03.438] [main/DEBUG] [mixin/]: MixinPlatformAgentMinecraftForge rejected container SecureJarResource(mixin.synthetic)
[02oct2026 17:34:03.438] [main/DEBUG] [mixin/]: Instancing new MixinPlatformAgentDefault for SecureJarResource(mixin.synthetic)
[02oct2026 17:34:03.438] [main/DEBUG] [mixin/]: MixinPlatformAgentDefault accepted container SecureJarResource(mixin.synthetic)
[02oct2026 17:34:03.438] [main/DEBUG] [mixin/]: Processing prepare() for PlatformAgent[MixinPlatformAgentDefault:SecureJarResource(mixin.synthetic)]
[02oct2026 17:34:03.438] [main/DEBUG] [mixin/]: Adding mixin platform agents for container SecureJarResource(minecraft)
[02oct2026 17:34:03.438] [main/DEBUG] [mixin/]: Instancing new MixinPlatformAgentMinecraftForge for SecureJarResource(minecraft)
[02oct2026 17:34:03.438] [main/DEBUG] [mixin/]: MixinPlatformAgentMinecraftForge rejected container SecureJarResource(minecraft)
[02oct2026 17:34:03.438] [main/DEBUG] [mixin/]: Instancing new MixinPlatformAgentDefault for SecureJarResource(minecraft)
[02oct2026 17:34:03.438] [main/DEBUG] [mixin/]: MixinPlatformAgentDefault accepted container SecureJarResource(minecraft)
[02oct2026 17:34:03.438] [main/DEBUG] [mixin/]: Processing prepare() for PlatformAgent[MixinPlatformAgentDefault:SecureJarResource(minecraft)]
[02oct2026 17:34:03.438] [main/DEBUG] [mixin/]: Adding mixin platform agents for container SecureJarResource(net.minecraftforge.forge)
[02oct2026 17:34:03.438] [main/DEBUG] [mixin/]: Instancing new MixinPlatformAgentMinecraftForge for SecureJarResource(net.minecraftforge.forge)
[02oct2026 17:34:03.438] [main/DEBUG] [mixin/]: MixinPlatformAgentMinecraftForge rejected container SecureJarResource(net.minecraftforge.forge)
[02oct2026 17:34:03.438] [main/DEBUG] [mixin/]: Instancing new MixinPlatformAgentDefault for SecureJarResource(net.minecraftforge.forge)
[02oct2026 17:34:03.438] [main/DEBUG] [mixin/]: MixinPlatformAgentDefault accepted container SecureJarResource(net.minecraftforge.forge)
[02oct2026 17:34:03.439] [main/DEBUG] [mixin/]: Processing prepare() for PlatformAgent[MixinPlatformAgentDefault:SecureJarResource(net.minecraftforge.forge)]
[02oct2026 17:34:03.439] [main/DEBUG] [mixin/]: Adding mixin platform agents for container SecureJarResource(examplemod)
[02oct2026 17:34:03.439] [main/DEBUG] [mixin/]: Instancing new MixinPlatformAgentMinecraftForge for SecureJarResource(examplemod)
[02oct2026 17:34:03.439] [main/DEBUG] [mixin/]: MixinPlatformAgentMinecraftForge rejected container SecureJarResource(examplemod)
[02oct2026 17:34:03.439] [main/DEBUG] [mixin/]: Instancing new MixinPlatformAgentDefault for SecureJarResource(examplemod)
[02oct2026 17:34:03.439] [main/DEBUG] [mixin/]: MixinPlatformAgentDefault accepted container SecureJarResource(examplemod)
[02oct2026 17:34:03.439] [main/DEBUG] [mixin/]: Processing prepare() for PlatformAgent[MixinPlatformAgentDefault:SecureJarResource(examplemod)]
[02oct2026 17:34:03.439] [main/DEBUG] [mixin/]: inject() running with 5 agents
[02oct2026 17:34:03.439] [main/DEBUG] [mixin/]: Processing inject() for PlatformAgent[MixinPlatformAgentDefault:ModLauncher Root Container(ModLauncher:4f56a0a2)]
[02oct2026 17:34:03.439] [main/DEBUG] [mixin/]: Processing inject() for PlatformAgent[MixinPlatformAgentDefault:SecureJarResource(mixin.synthetic)]
[02oct2026 17:34:03.440] [main/DEBUG] [mixin/]: Processing inject() for PlatformAgent[MixinPlatformAgentDefault:SecureJarResource(minecraft)]
[02oct2026 17:34:03.440] [main/DEBUG] [mixin/]: Processing inject() for PlatformAgent[MixinPlatformAgentDefault:SecureJarResource(net.minecraftforge.forge)]
[02oct2026 17:34:03.440] [main/DEBUG] [mixin/]: Processing inject() for PlatformAgent[MixinPlatformAgentDefault:SecureJarResource(examplemod)]
[02oct2026 17:34:03.440] [main/INFO] [cpw.mods.modlauncher.LaunchServiceHandler/MODLAUNCHER]: Launching target 'forge_userdev_client' with arguments [--version, MOD_DEV, --gameDir, ., --assetsDir, C:\Users\Luis Morales Cardena\AppData\Roaming\.minecraft\assets, --assetIndex, 30]
[02oct2026 17:34:03.470] [main/DEBUG] [mixin/]: Preparing mixins for MixinEnvironment[DEFAULT]
[02oct2026 17:34:03.723] [main/DEBUG] [io.netty.util.internal.logging.InternalLoggerFactory/]: Using SLF4J as the default logging framework
[02oct2026 17:34:03.724] [main/DEBUG] [io.netty.util.ResourceLeakDetector/]: -Dio.netty.leakDetection.level: simple
[02oct2026 17:34:03.724] [main/DEBUG] [io.netty.util.ResourceLeakDetector/]: -Dio.netty.leakDetection.targetRecords: 4
[02oct2026 17:34:04.808] [Datafixer Bootstrap/INFO] [com.mojang.datafixers.DataFixerBuilder/]: 291 Datafixer optimizations took 352 milliseconds
[02oct2026 17:34:05.616] [pool-5-thread-1/DEBUG] [net.minecraftforge.forge.transformers.MethodRedirector/]: Redirecting method call finalizeSpawn(Lnet/minecraft/world/level/ServerLevelAccessor;Lnet/minecraft/world/DifficultyInstance;Lnet/minecraft/world/entity/EntitySpawnReason;Lnet/minecraft/world/entity/SpawnGroupData;)Lnet/minecraft/world/entity/SpawnGroupData; to onFinalizeSpawn(Lnet/minecraft/world/entity/Mob;Lnet/minecraft/world/level/ServerLevelAccessor;Lnet/minecraft/world/DifficultyInstance;Lnet/minecraft/world/entity/EntitySpawnReason;Lnet/minecraft/world/entity/SpawnGroupData;)Lnet/minecraft/world/entity/SpawnGroupData; inside of net/minecraft/world/entity/EntityType.create
[02oct2026 17:34:07.123] [pool-5-thread-1/DEBUG] [net.minecraftforge.forge.transformers.MethodRedirector/]: Redirecting method call finalizeSpawn(Lnet/minecraft/world/level/ServerLevelAccessor;Lnet/minecraft/world/DifficultyInstance;Lnet/minecraft/world/entity/EntitySpawnReason;Lnet/minecraft/world/entity/SpawnGroupData;)Lnet/minecraft/world/entity/SpawnGroupData; to onFinalizeSpawn(Lnet/minecraft/world/entity/Mob;Lnet/minecraft/world/level/ServerLevelAccessor;Lnet/minecraft/world/DifficultyInstance;Lnet/minecraft/world/entity/EntitySpawnReason;Lnet/minecraft/world/entity/SpawnGroupData;)Lnet/minecraft/world/entity/SpawnGroupData; inside of net/minecraft/world/entity/animal/frog/Tadpole.lambda$ageUp$0
[02oct2026 17:34:07.598] [pool-5-thread-1/DEBUG] [net.minecraftforge.forge.transformers.MethodRedirector/]: Redirecting method call finalizeSpawn(Lnet/minecraft/world/level/ServerLevelAccessor;Lnet/minecraft/world/DifficultyInstance;Lnet/minecraft/world/entity/EntitySpawnReason;Lnet/minecraft/world/entity/SpawnGroupData;)Lnet/minecraft/world/entity/SpawnGroupData; to onFinalizeSpawn(Lnet/minecraft/world/entity/Mob;Lnet/minecraft/world/level/ServerLevelAccessor;Lnet/minecraft/world/DifficultyInstance;Lnet/minecraft/world/entity/EntitySpawnReason;Lnet/minecraft/world/entity/SpawnGroupData;)Lnet/minecraft/world/entity/SpawnGroupData; inside of net/minecraft/world/entity/monster/spider/Spider.finalizeSpawn
[02oct2026 17:34:07.649] [pool-5-thread-1/DEBUG] [net.minecraftforge.forge.transformers.MethodRedirector/]: Redirecting method call finalizeSpawn(Lnet/minecraft/world/level/ServerLevelAccessor;Lnet/minecraft/world/DifficultyInstance;Lnet/minecraft/world/entity/EntitySpawnReason;Lnet/minecraft/world/entity/SpawnGroupData;)Lnet/minecraft/world/entity/SpawnGroupData; to onFinalizeSpawn(Lnet/minecraft/world/entity/Mob;Lnet/minecraft/world/level/ServerLevelAccessor;Lnet/minecraft/world/DifficultyInstance;Lnet/minecraft/world/entity/EntitySpawnReason;Lnet/minecraft/world/entity/SpawnGroupData;)Lnet/minecraft/world/entity/SpawnGroupData; inside of net/minecraft/world/entity/monster/zombie/Drowned.finalizeSpawn
[02oct2026 17:34:07.652] [pool-5-thread-1/DEBUG] [net.minecraftforge.forge.transformers.MethodRedirector/]: Redirecting method call finalizeSpawn(Lnet/minecraft/world/level/ServerLevelAccessor;Lnet/minecraft/world/DifficultyInstance;Lnet/minecraft/world/entity/EntitySpawnReason;Lnet/minecraft/world/entity/SpawnGroupData;)Lnet/minecraft/world/entity/SpawnGroupData; to onFinalizeSpawn(Lnet/minecraft/world/entity/Mob;Lnet/minecraft/world/level/ServerLevelAccessor;Lnet/minecraft/world/DifficultyInstance;Lnet/minecraft/world/entity/EntitySpawnReason;Lnet/minecraft/world/entity/SpawnGroupData;)Lnet/minecraft/world/entity/SpawnGroupData; inside of net/minecraft/world/entity/monster/zombie/Zombie.hurtServer
[02oct2026 17:34:07.652] [pool-5-thread-1/DEBUG] [net.minecraftforge.forge.transformers.MethodRedirector/]: Redirecting method call finalizeSpawn(Lnet/minecraft/world/level/ServerLevelAccessor;Lnet/minecraft/world/DifficultyInstance;Lnet/minecraft/world/entity/EntitySpawnReason;Lnet/minecraft/world/entity/SpawnGroupData;)Lnet/minecraft/world/entity/SpawnGroupData; to onFinalizeSpawn(Lnet/minecraft/world/entity/Mob;Lnet/minecraft/world/level/ServerLevelAccessor;Lnet/minecraft/world/DifficultyInstance;Lnet/minecraft/world/entity/EntitySpawnReason;Lnet/minecraft/world/entity/SpawnGroupData;)Lnet/minecraft/world/entity/SpawnGroupData; inside of net/minecraft/world/entity/monster/zombie/Zombie.finalizeSpawn
[02oct2026 17:34:07.652] [pool-5-thread-1/DEBUG] [net.minecraftforge.forge.transformers.MethodRedirector/]: Redirecting method call finalizeSpawn(Lnet/minecraft/world/level/ServerLevelAccessor;Lnet/minecraft/world/DifficultyInstance;Lnet/minecraft/world/entity/EntitySpawnReason;Lnet/minecraft/world/entity/SpawnGroupData;)Lnet/minecraft/world/entity/SpawnGroupData; to onFinalizeSpawn(Lnet/minecraft/world/entity/Mob;Lnet/minecraft/world/level/ServerLevelAccessor;Lnet/minecraft/world/DifficultyInstance;Lnet/minecraft/world/entity/EntitySpawnReason;Lnet/minecraft/world/entity/SpawnGroupData;)Lnet/minecraft/world/entity/SpawnGroupData; inside of net/minecraft/world/entity/monster/zombie/Zombie.lambda$convertVillagerToZombieVillager$1
[02oct2026 17:34:07.658] [pool-5-thread-1/DEBUG] [net.minecraftforge.forge.transformers.MethodRedirector/]: Redirecting method call finalizeSpawn(Lnet/minecraft/world/level/ServerLevelAccessor;Lnet/minecraft/world/DifficultyInstance;Lnet/minecraft/world/entity/EntitySpawnReason;Lnet/minecraft/world/entity/SpawnGroupData;)Lnet/minecraft/world/entity/SpawnGroupData; to onFinalizeSpawn(Lnet/minecraft/world/entity/Mob;Lnet/minecraft/world/level/ServerLevelAccessor;Lnet/minecraft/world/DifficultyInstance;Lnet/minecraft/world/entity/EntitySpawnReason;Lnet/minecraft/world/entity/SpawnGroupData;)Lnet/minecraft/world/entity/SpawnGroupData; inside of net/minecraft/world/entity/npc/villager/Villager.lambda$thunderHit$1
[02oct2026 17:34:07.668] [pool-5-thread-1/DEBUG] [net.minecraftforge.forge.transformers.MethodRedirector/]: Redirecting method call finalizeSpawn(Lnet/minecraft/world/level/ServerLevelAccessor;Lnet/minecraft/world/DifficultyInstance;Lnet/minecraft/world/entity/EntitySpawnReason;Lnet/minecraft/world/entity/SpawnGroupData;)Lnet/minecraft/world/entity/SpawnGroupData; to onFinalizeSpawn(Lnet/minecraft/world/entity/Mob;Lnet/minecraft/world/level/ServerLevelAccessor;Lnet/minecraft/world/DifficultyInstance;Lnet/minecraft/world/entity/EntitySpawnReason;Lnet/minecraft/world/entity/SpawnGroupData;)Lnet/minecraft/world/entity/SpawnGroupData; inside of net/minecraft/world/entity/monster/zombie/ZombieVillager.lambda$finishConversion$0
[02oct2026 17:34:07.714] [pool-5-thread-1/DEBUG] [net.minecraftforge.forge.transformers.MethodRedirector/]: Redirecting method call finalizeSpawn(Lnet/minecraft/world/level/ServerLevelAccessor;Lnet/minecraft/world/DifficultyInstance;Lnet/minecraft/world/entity/EntitySpawnReason;Lnet/minecraft/world/entity/SpawnGroupData;)Lnet/minecraft/world/entity/SpawnGroupData; to onFinalizeSpawn(Lnet/minecraft/world/entity/Mob;Lnet/minecraft/world/level/ServerLevelAccessor;Lnet/minecraft/world/DifficultyInstance;Lnet/minecraft/world/entity/EntitySpawnReason;Lnet/minecraft/world/entity/SpawnGroupData;)Lnet/minecraft/world/entity/SpawnGroupData; inside of net/minecraft/world/entity/monster/illager/Evoker$EvokerSummonSpellGoal.performSpellCasting
[02oct2026 17:34:07.774] [pool-5-thread-1/DEBUG] [net.minecraftforge.forge.transformers.MethodRedirector/]: Redirecting method call finalizeSpawn(Lnet/minecraft/world/level/ServerLevelAccessor;Lnet/minecraft/world/DifficultyInstance;Lnet/minecraft/world/entity/EntitySpawnReason;Lnet/minecraft/world/entity/SpawnGroupData;)Lnet/minecraft/world/entity/SpawnGroupData; to onFinalizeSpawn(Lnet/minecraft/world/entity/Mob;Lnet/minecraft/world/level/ServerLevelAccessor;Lnet/minecraft/world/DifficultyInstance;Lnet/minecraft/world/entity/EntitySpawnReason;Lnet/minecraft/world/entity/SpawnGroupData;)Lnet/minecraft/world/entity/SpawnGroupData; inside of net/minecraft/world/entity/monster/zombie/Husk.finalizeSpawn
[02oct2026 17:34:07.774] [pool-5-thread-1/DEBUG] [net.minecraftforge.forge.transformers.MethodRedirector/]: Redirecting method call finalizeSpawn(Lnet/minecraft/world/level/ServerLevelAccessor;Lnet/minecraft/world/DifficultyInstance;Lnet/minecraft/world/entity/EntitySpawnReason;Lnet/minecraft/world/entity/SpawnGroupData;)Lnet/minecraft/world/entity/SpawnGroupData; to onFinalizeSpawn(Lnet/minecraft/world/entity/Mob;Lnet/minecraft/world/level/ServerLevelAccessor;Lnet/minecraft/world/DifficultyInstance;Lnet/minecraft/world/entity/EntitySpawnReason;Lnet/minecraft/world/entity/SpawnGroupData;)Lnet/minecraft/world/entity/SpawnGroupData; inside of net/minecraft/world/entity/monster/zombie/Husk.finalizeSpawn
[02oct2026 17:34:07.922] [pool-5-thread-1/DEBUG] [net.minecraftforge.forge.transformers.MethodRedirector/]: Redirecting method call finalizeSpawn(Lnet/minecraft/world/level/ServerLevelAccessor;Lnet/minecraft/world/DifficultyInstance;Lnet/minecraft/world/entity/EntitySpawnReason;Lnet/minecraft/world/entity/SpawnGroupData;)Lnet/minecraft/world/entity/SpawnGroupData; to onFinalizeSpawn(Lnet/minecraft/world/entity/Mob;Lnet/minecraft/world/level/ServerLevelAccessor;Lnet/minecraft/world/DifficultyInstance;Lnet/minecraft/world/entity/EntitySpawnReason;Lnet/minecraft/world/entity/SpawnGroupData;)Lnet/minecraft/world/entity/SpawnGroupData; inside of net/minecraft/world/entity/animal/equine/SkeletonTrapGoal.createHorse
[02oct2026 17:34:07.922] [pool-5-thread-1/DEBUG] [net.minecraftforge.forge.transformers.MethodRedirector/]: Redirecting method call finalizeSpawn(Lnet/minecraft/world/level/ServerLevelAccessor;Lnet/minecraft/world/DifficultyInstance;Lnet/minecraft/world/entity/EntitySpawnReason;Lnet/minecraft/world/entity/SpawnGroupData;)Lnet/minecraft/world/entity/SpawnGroupData; to onFinalizeSpawn(Lnet/minecraft/world/entity/Mob;Lnet/minecraft/world/level/ServerLevelAccessor;Lnet/minecraft/world/DifficultyInstance;Lnet/minecraft/world/entity/EntitySpawnReason;Lnet/minecraft/world/entity/SpawnGroupData;)Lnet/minecraft/world/entity/SpawnGroupData; inside of net/minecraft/world/entity/animal/equine/SkeletonTrapGoal.createSkeleton
[02oct2026 17:34:07.933] [pool-5-thread-1/DEBUG] [net.minecraftforge.forge.transformers.MethodRedirector/]: Redirecting method call finalizeSpawn(Lnet/minecraft/world/level/ServerLevelAccessor;Lnet/minecraft/world/DifficultyInstance;Lnet/minecraft/world/entity/EntitySpawnReason;Lnet/minecraft/world/entity/SpawnGroupData;)Lnet/minecraft/world/entity/SpawnGroupData; to onFinalizeSpawn(Lnet/minecraft/world/entity/Mob;Lnet/minecraft/world/level/ServerLevelAccessor;Lnet/minecraft/world/DifficultyInstance;Lnet/minecraft/world/entity/EntitySpawnReason;Lnet/minecraft/world/entity/SpawnGroupData;)Lnet/minecraft/world/entity/SpawnGroupData; inside of net/minecraft/world/entity/monster/Strider.spawnJockey
[02oct2026 17:34:07.979] [pool-5-thread-1/DEBUG] [net.minecraftforge.forge.transformers.MethodRedirector/]: Redirecting method call finalizeSpawn(Lnet/minecraft/world/level/ServerLevelAccessor;Lnet/minecraft/world/DifficultyInstance;Lnet/minecraft/world/entity/EntitySpawnReason;Lnet/minecraft/world/entity/SpawnGroupData;)Lnet/minecraft/world/entity/SpawnGroupData; to onFinalizeSpawn(Lnet/minecraft/world/entity/Mob;Lnet/minecraft/world/level/ServerLevelAccessor;Lnet/minecraft/world/DifficultyInstance;Lnet/minecraft/world/entity/EntitySpawnReason;Lnet/minecraft/world/entity/SpawnGroupData;)Lnet/minecraft/world/entity/SpawnGroupData; inside of net/minecraft/world/entity/animal/equine/ZombieHorse.finalizeSpawn
[02oct2026 17:34:08.788] [pool-5-thread-1/DEBUG] [net.minecraftforge.forge.transformers.MethodRedirector/]: Redirecting method call finalizeSpawn(Lnet/minecraft/world/level/ServerLevelAccessor;Lnet/minecraft/world/DifficultyInstance;Lnet/minecraft/world/entity/EntitySpawnReason;Lnet/minecraft/world/entity/SpawnGroupData;)Lnet/minecraft/world/entity/SpawnGroupData; to onFinalizeSpawn(Lnet/minecraft/world/entity/Mob;Lnet/minecraft/world/level/ServerLevelAccessor;Lnet/minecraft/world/DifficultyInstance;Lnet/minecraft/world/entity/EntitySpawnReason;Lnet/minecraft/world/entity/SpawnGroupData;)Lnet/minecraft/world/entity/SpawnGroupData; inside of net/minecraft/world/level/levelgen/structure/structures/OceanRuinPieces$OceanRuinPiece.handleDataMarker
[02oct2026 17:34:08.792] [pool-5-thread-1/DEBUG] [net.minecraftforge.forge.transformers.MethodRedirector/]: Redirecting method call finalizeSpawn(Lnet/minecraft/world/level/ServerLevelAccessor;Lnet/minecraft/world/DifficultyInstance;Lnet/minecraft/world/entity/EntitySpawnReason;Lnet/minecraft/world/entity/SpawnGroupData;)Lnet/minecraft/world/entity/SpawnGroupData; to onFinalizeSpawn(Lnet/minecraft/world/entity/Mob;Lnet/minecraft/world/level/ServerLevelAccessor;Lnet/minecraft/world/DifficultyInstance;Lnet/minecraft/world/entity/EntitySpawnReason;Lnet/minecraft/world/entity/SpawnGroupData;)Lnet/minecraft/world/entity/SpawnGroupData; inside of net/minecraft/world/level/levelgen/structure/structures/SwampHutPiece.postProcess
[02oct2026 17:34:08.792] [pool-5-thread-1/DEBUG] [net.minecraftforge.forge.transformers.MethodRedirector/]: Redirecting method call finalizeSpawn(Lnet/minecraft/world/level/ServerLevelAccessor;Lnet/minecraft/world/DifficultyInstance;Lnet/minecraft/world/entity/EntitySpawnReason;Lnet/minecraft/world/entity/SpawnGroupData;)Lnet/minecraft/world/entity/SpawnGroupData; to onFinalizeSpawn(Lnet/minecraft/world/entity/Mob;Lnet/minecraft/world/level/ServerLevelAccessor;Lnet/minecraft/world/DifficultyInstance;Lnet/minecraft/world/entity/EntitySpawnReason;Lnet/minecraft/world/entity/SpawnGroupData;)Lnet/minecraft/world/entity/SpawnGroupData; inside of net/minecraft/world/level/levelgen/structure/structures/SwampHutPiece.spawnCat
[02oct2026 17:34:08.797] [pool-5-thread-1/DEBUG] [net.minecraftforge.forge.transformers.MethodRedirector/]: Redirecting method call finalizeSpawn(Lnet/minecraft/world/level/ServerLevelAccessor;Lnet/minecraft/world/DifficultyInstance;Lnet/minecraft/world/entity/EntitySpawnReason;Lnet/minecraft/world/entity/SpawnGroupData;)Lnet/minecraft/world/entity/SpawnGroupData; to onFinalizeSpawn(Lnet/minecraft/world/entity/Mob;Lnet/minecraft/world/level/ServerLevelAccessor;Lnet/minecraft/world/DifficultyInstance;Lnet/minecraft/world/entity/EntitySpawnReason;Lnet/minecraft/world/entity/SpawnGroupData;)Lnet/minecraft/world/entity/SpawnGroupData; inside of net/minecraft/world/level/levelgen/structure/structures/OceanMonumentPieces$OceanMonumentPiece.spawnElder
[02oct2026 17:34:08.807] [pool-5-thread-1/DEBUG] [net.minecraftforge.forge.transformers.MethodRedirector/]: Redirecting method call finalizeSpawn(Lnet/minecraft/world/level/ServerLevelAccessor;Lnet/minecraft/world/DifficultyInstance;Lnet/minecraft/world/entity/EntitySpawnReason;Lnet/minecraft/world/entity/SpawnGroupData;)Lnet/minecraft/world/entity/SpawnGroupData; to onFinalizeSpawn(Lnet/minecraft/world/entity/Mob;Lnet/minecraft/world/level/ServerLevelAccessor;Lnet/minecraft/world/DifficultyInstance;Lnet/minecraft/world/entity/EntitySpawnReason;Lnet/minecraft/world/entity/SpawnGroupData;)Lnet/minecraft/world/entity/SpawnGroupData; inside of net/minecraft/world/level/levelgen/structure/structures/WoodlandMansionPieces$WoodlandMansionPiece.handleDataMarker
[02oct2026 17:34:09.207] [pool-5-thread-1/DEBUG] [net.minecraftforge.forge.transformers.MethodRedirector/]: Redirecting method call finalizeSpawn(Lnet/minecraft/world/level/ServerLevelAccessor;Lnet/minecraft/world/DifficultyInstance;Lnet/minecraft/world/entity/EntitySpawnReason;Lnet/minecraft/world/entity/SpawnGroupData;)Lnet/minecraft/world/entity/SpawnGroupData; to onFinalizeSpawn(Lnet/minecraft/world/entity/Mob;Lnet/minecraft/world/level/ServerLevelAccessor;Lnet/minecraft/world/DifficultyInstance;Lnet/minecraft/world/entity/EntitySpawnReason;Lnet/minecraft/world/entity/SpawnGroupData;)Lnet/minecraft/world/entity/SpawnGroupData; inside of net/minecraft/gametest/framework/GameTestHelper.spawn
[02oct2026 17:34:09.590] [Render thread/WARN] [net.minecraft.server.packs.VanillaPackResourcesBuilder/]: Assets URL 'union:/C:/MyDevelopProjects/mods_minecraft/learning-mod/.gradle/mavenizer/repo/net/minecraftforge/forge/26.1-62.0.9/forge-26.1-62.0.9.jar%230!/assets/.mcassetsroot' uses unexpected schema
[02oct2026 17:34:09.591] [Render thread/WARN] [net.minecraft.server.packs.VanillaPackResourcesBuilder/]: Assets URL 'union:/C:/MyDevelopProjects/mods_minecraft/learning-mod/.gradle/mavenizer/repo/net/minecraftforge/forge/26.1-62.0.9/forge-26.1-62.0.9.jar%230!/data/.mcassetsroot' uses unexpected schema
[02oct2026 17:34:09.616] [Render thread/INFO] [com.mojang.authlib.yggdrasil.YggdrasilAuthenticationService/]: Environment: Environment[sessionHost=https://sessionserver.mojang.com, servicesHost=https://api.minecraftservices.com, profilesHost=https://api.mojang.com, name=PROD]
[02oct2026 17:34:09.640] [Render thread/INFO] [net.minecraft.client.Minecraft/]: Setting user: Dev
[02oct2026 17:34:09.768] [Render thread/INFO] [net.minecraft.client.Minecraft/]: Backend library: LWJGL version 3.4.1+2
[02oct2026 17:34:09.970] [Render thread/INFO] [net.minecraft.client.Minecraft/]: Using optional rendering extensions: GL_ARB_buffer_storage, GL_KHR_debug, GL_ARB_vertex_attrib_binding, GL_ARB_direct_state_access, GL_EXT_texture_filter_anisotropic
[02oct2026 17:34:09.993] [Render thread/DEBUG] [net.minecraftforge.common.ForgeI18n/CORE]: Loading I18N data entries: 8099
[02oct2026 17:34:09.996] [Render thread/DEBUG] [net.minecraftforge.fml.ModWorkManager/LOADING]: Using 16 threads for parallel mod-loading
[02oct2026 17:34:10.010] [Render thread/DEBUG] [net.minecraftforge.fml.javafmlmod.FMLJavaModLanguageProvider/LOADING]: Loading FMLModContainer from classloader TransformingClassLoader[TRANSFORMER]@162667475 - got SecureModuleClassLoader[LAYER PLUGIN]@1738784081
[02oct2026 17:34:10.013] [Render thread/DEBUG] [net.minecraftforge.fml.javafmlmod.FMLModContainer/LOADING]: Creating FMLModContainer instance for net.minecraftforge.common.ForgeMod
[02oct2026 17:34:10.019] [Render thread/DEBUG] [net.minecraftforge.fml.javafmlmod.FMLModContainer/LOADING]: Loaded modclass net.minecraftforge.forge/net.minecraftforge.common.ForgeMod with TransformingClassLoader[TRANSFORMER]@162667475
[02oct2026 17:34:10.019] [Render thread/DEBUG] [net.minecraftforge.fml.javafmlmod.FMLJavaModLanguageProvider/LOADING]: Loading FMLModContainer from classloader TransformingClassLoader[TRANSFORMER]@162667475 - got SecureModuleClassLoader[LAYER PLUGIN]@1738784081
[02oct2026 17:34:10.019] [Render thread/DEBUG] [net.minecraftforge.fml.javafmlmod.FMLModContainer/LOADING]: Creating FMLModContainer instance for com.example.examplemod.ExampleMod
[02oct2026 17:34:10.022] [Render thread/DEBUG] [net.minecraftforge.fml.javafmlmod.FMLModContainer/LOADING]: Loaded modclass examplemod/com.example.examplemod.ExampleMod with TransformingClassLoader[TRANSFORMER]@162667475
[02oct2026 17:34:10.055] [modloading-worker-0/DEBUG] [net.minecraftforge.versions.forge.ForgeVersion/CORE]: Forge Version package package net.minecraftforge.versions.forge, Forge, version 62.0 from TransformingClassLoader[TRANSFORMER]@162667475
[02oct2026 17:34:10.055] [modloading-worker-0/DEBUG] [net.minecraftforge.versions.forge.ForgeVersion/CORE]: Found Forge version 62.0.9
[02oct2026 17:34:10.055] [modloading-worker-0/DEBUG] [net.minecraftforge.versions.forge.ForgeVersion/CORE]: Found Forge spec 62.0
[02oct2026 17:34:10.055] [modloading-worker-0/DEBUG] [net.minecraftforge.versions.forge.ForgeVersion/CORE]: Found Forge group net.minecraftforge
[02oct2026 17:34:10.056] [modloading-worker-0/DEBUG] [net.minecraftforge.versions.mcp.MCPVersion/CORE]: MCP Version package package net.minecraftforge.versions.mcp, Minecraft, version 26.1 from TransformingClassLoader[TRANSFORMER]@162667475
[02oct2026 17:34:10.056] [modloading-worker-0/DEBUG] [net.minecraftforge.versions.mcp.MCPVersion/CORE]: Found MC version information 26.1
[02oct2026 17:34:10.056] [modloading-worker-0/DEBUG] [net.minecraftforge.versions.mcp.MCPVersion/CORE]: Found MCP version information 20260326.105027
[02oct2026 17:34:10.056] [modloading-worker-0/INFO] [net.minecraftforge.common.ForgeMod/FORGEMOD]: Forge mod loading, version 62.0.9, for MC 26.1 with MCP 20260326.105027
[02oct2026 17:34:10.057] [modloading-worker-0/INFO] [net.minecraftforge.common.MinecraftForge/FORGE]: MinecraftForge v62.0.9 Initialized
[02oct2026 17:34:10.068] [modloading-worker-0/DEBUG] [net.minecraftforge.fml.config.ConfigTracker/CONFIG]: Config file examplemod-common.toml for examplemod tracking
[02oct2026 17:34:10.069] [modloading-worker-0/INFO] [net.minecraftforge.common.ForgeMod/FORGEMOD]: Opening jdk.naming.dns/com.sun.jndi.dns to java.naming
[02oct2026 17:34:10.070] [modloading-worker-0/DEBUG] [net.minecraftforge.fml.javafmlmod.AutomaticEventSubscriber/LOADING]: Attempting to inject @EventBusSubscriber classes into the eventbus for examplemod
[02oct2026 17:34:10.074] [modloading-worker-0/DEBUG] [net.minecraftforge.fml.javafmlmod.AutomaticEventSubscriber/LOADING]: Auto-subscribing com.example.examplemod.Config to MOD
[02oct2026 17:34:10.079] [modloading-worker-0/DEBUG] [net.minecraftforge.fml.javafmlmod.AutomaticEventSubscriber/LOADING]: Auto-subscribing com.example.examplemod.ExampleMod$ClientModEvents to BOTH
[02oct2026 17:34:10.110] [modloading-worker-0/DEBUG] [net.minecraftforge.network.NetworkInitialization/FORGE_NETWORK]: Registering Network forge:login v0
[02oct2026 17:34:10.110] [modloading-worker-0/DEBUG] [net.minecraftforge.network.NetworkInitialization/FORGE_NETWORK]: Registering Network forge:handshake v0
[02oct2026 17:34:10.110] [modloading-worker-0/DEBUG] [net.minecraftforge.network.NetworkInitialization/FORGE_NETWORK]: Registering Network forge:handshake v0
[02oct2026 17:34:10.110] [modloading-worker-0/DEBUG] [net.minecraftforge.network.NetworkInitialization/FORGE_NETWORK]: Registering Network forge:channel_registration v0
[02oct2026 17:34:10.118] [modloading-worker-0/DEBUG] [net.minecraftforge.fml.config.ConfigTracker/CONFIG]: Config file forge-client.toml for forge tracking
[02oct2026 17:34:10.118] [modloading-worker-0/DEBUG] [net.minecraftforge.fml.config.ConfigTracker/CONFIG]: Config file forge-server.toml for forge tracking
[02oct2026 17:34:10.118] [modloading-worker-0/DEBUG] [net.minecraftforge.fml.config.ConfigTracker/CONFIG]: Config file forge-common.toml for forge tracking
[02oct2026 17:34:10.134] [modloading-worker-0/DEBUG] [net.minecraftforge.fml.javafmlmod.AutomaticEventSubscriber/LOADING]: Attempting to inject @EventBusSubscriber classes into the eventbus for forge
[02oct2026 17:34:10.135] [modloading-worker-0/DEBUG] [net.minecraftforge.fml.javafmlmod.AutomaticEventSubscriber/LOADING]: Auto-subscribing net.minecraftforge.client.model.data.ModelDataManager to FORGE
[02oct2026 17:34:10.136] [modloading-worker-0/DEBUG] [net.minecraftforge.fml.javafmlmod.AutomaticEventSubscriber/LOADING]: Auto-subscribing net.minecraftforge.client.ClientForgeMod to BOTH
[02oct2026 17:34:10.149] [Render thread/DEBUG] [net.minecraftforge.common.capabilities.CapabilityManager/CAPABILITIES]: Attempting to automatically register: Lnet/minecraftforge/energy/IEnergyStorage;
[02oct2026 17:34:10.150] [Render thread/DEBUG] [net.minecraftforge.common.capabilities.CapabilityManager/CAPABILITIES]: Attempting to automatically register: Lnet/minecraftforge/fluids/capability/IFluidHandler;
[02oct2026 17:34:10.150] [Render thread/DEBUG] [net.minecraftforge.common.capabilities.CapabilityManager/CAPABILITIES]: Attempting to automatically register: Lnet/minecraftforge/fluids/capability/IFluidHandlerItem;
[02oct2026 17:34:10.150] [Render thread/DEBUG] [net.minecraftforge.common.capabilities.CapabilityManager/CAPABILITIES]: Attempting to automatically register: Lnet/minecraftforge/items/IItemHandler;
[02oct2026 17:34:10.287] [Render thread/DEBUG] [net.minecraftforge.resource.ResourcePackLoader/CORE]: Generating PackInfo named mod:forge for mod file /
[02oct2026 17:34:10.288] [Render thread/DEBUG] [net.minecraftforge.resource.ResourcePackLoader/CORE]: Generating PackInfo named mod:examplemod for mod file C:\MyDevelopProjects\mods_minecraft\learning-mod\build\sourceSets\main
[02oct2026 17:34:10.784] [Render thread/INFO] [net.minecraft.server.packs.resources.ReloadableResourceManager/]: Reloading ResourceManager: vanilla, mod_resources
[02oct2026 17:34:10.822] [modloading-worker-0/DEBUG] [net.minecraftforge.fml.config.ConfigTracker/CONFIG]: Loading configs type CLIENT
[02oct2026 17:34:10.827] [modloading-worker-0/DEBUG] [net.minecraftforge.fml.config.ConfigFileTypeHandler/CONFIG]: Built TOML config for C:\MyDevelopProjects\mods_minecraft\learning-mod\run\config\forge-client.toml
[02oct2026 17:34:10.829] [modloading-worker-0/DEBUG] [net.minecraftforge.fml.config.ConfigFileTypeHandler/CONFIG]: Loaded TOML config file C:\MyDevelopProjects\mods_minecraft\learning-mod\run\config\forge-client.toml
[02oct2026 17:34:10.829] [modloading-worker-0/DEBUG] [net.minecraftforge.fml.config.ConfigFileTypeHandler/CONFIG]: Starting watcher for handler: ConfigFileTypeHandler[CLIENT]
[02oct2026 17:34:10.846] [modloading-worker-0/DEBUG] [net.minecraftforge.fml.config.ConfigFileTypeHandler/CONFIG]: Watching TOML config file C:\MyDevelopProjects\mods_minecraft\learning-mod\run\config\forge-client.toml for changes
[02oct2026 17:34:10.856] [modloading-worker-0/DEBUG] [net.minecraftforge.common.ForgeConfig/FORGEMOD]: Loaded forge config file forge-client.toml
[02oct2026 17:34:10.866] [modloading-worker-0/DEBUG] [net.minecraftforge.fml.config.ConfigTracker/CONFIG]: Loading configs type COMMON
[02oct2026 17:34:10.868] [modloading-worker-0/DEBUG] [net.minecraftforge.fml.config.ConfigFileTypeHandler/CONFIG]: Built TOML config for C:\MyDevelopProjects\mods_minecraft\learning-mod\run\config\examplemod-common.toml
[02oct2026 17:34:10.869] [modloading-worker-0/DEBUG] [net.minecraftforge.fml.config.ConfigFileTypeHandler/CONFIG]: Loaded TOML config file C:\MyDevelopProjects\mods_minecraft\learning-mod\run\config\examplemod-common.toml
[02oct2026 17:34:10.869] [modloading-worker-0/DEBUG] [net.minecraftforge.fml.config.ConfigFileTypeHandler/CONFIG]: Starting watcher for handler: ConfigFileTypeHandler[COMMON]
[02oct2026 17:34:10.874] [modloading-worker-0/DEBUG] [net.minecraftforge.fml.config.ConfigFileTypeHandler/CONFIG]: Watching TOML config file C:\MyDevelopProjects\mods_minecraft\learning-mod\run\config\examplemod-common.toml for changes
[02oct2026 17:34:10.877] [modloading-worker-0/DEBUG] [net.minecraftforge.fml.config.ConfigFileTypeHandler/CONFIG]: Built TOML config for C:\MyDevelopProjects\mods_minecraft\learning-mod\run\config\forge-common.toml
[02oct2026 17:34:10.878] [modloading-worker-0/DEBUG] [net.minecraftforge.fml.config.ConfigFileTypeHandler/CONFIG]: Loaded TOML config file C:\MyDevelopProjects\mods_minecraft\learning-mod\run\config\forge-common.toml
[02oct2026 17:34:10.879] [modloading-worker-0/DEBUG] [net.minecraftforge.fml.config.ConfigFileTypeHandler/CONFIG]: Watching TOML config file C:\MyDevelopProjects\mods_minecraft\learning-mod\run\config\forge-common.toml for changes
[02oct2026 17:34:10.880] [modloading-worker-0/DEBUG] [net.minecraftforge.common.ForgeConfig/FORGEMOD]: Loaded forge config file forge-common.toml
[02oct2026 17:34:11.041] [Worker-Main-4/INFO] [net.minecraft.client.gui.font.providers.UnihexProvider/]: Found unifont_pua-17.0.01.hex, loading
[02oct2026 17:34:11.044] [Worker-Main-12/INFO] [net.minecraft.client.gui.font.providers.UnihexProvider/]: Found unifont_all_no_pua-17.0.01.hex, loading
[02oct2026 17:34:11.054] [Worker-Main-7/INFO] [net.minecraft.client.gui.font.providers.UnihexProvider/]: Found unifont_jp_patch-17.0.01.hex, loading
[02oct2026 17:34:11.077] [Download-1/INFO] [com.mojang.realmsclient.client.RealmsClient/]: Could not authorize you against Realms server: java.lang.RuntimeException: Failed to parse into SignedJWT: 0
[02oct2026 17:34:11.112] [Worker-Main-6/INFO] [com.example.examplemod.ExampleMod/]: HELLO FROM COMMON SETUP
[02oct2026 17:34:11.112] [Worker-Main-6/INFO] [com.example.examplemod.ExampleMod/]: DIRT BLOCK >> minecraft:dirt
[02oct2026 17:34:11.112] [Worker-Main-6/INFO] [com.example.examplemod.ExampleMod/]: The magic number is... 42
[02oct2026 17:34:11.113] [Worker-Main-6/INFO] [com.example.examplemod.ExampleMod/]: ITEM >> minecraft:iron_ingot
[02oct2026 17:34:11.093] [Download-1/ERROR] [com.mojang.realmsclient.client.RealmsClient/]: Failed to fetch Realms feature flags
com.mojang.realmsclient.exception.RealmsServiceException: Realms authentication error with message 'java.lang.RuntimeException: Failed to parse into SignedJWT: 0'
	at TRANSFORMER/minecraft@26.1/com.mojang.realmsclient.client.RealmsClient.execute(RealmsClient.java:513) [forge-26.1-62.0.9.jar%230!/:?]
	at TRANSFORMER/minecraft@26.1/com.mojang.realmsclient.client.RealmsClient.fetchFeatureFlags(RealmsClient.java:160) [forge-26.1-62.0.9.jar%230!/:?]
	at java.base/java.util.concurrent.CompletableFuture$AsyncSupply.run(CompletableFuture.java:1789) [?:?]
	at java.base/java.util.concurrent.ThreadPoolExecutor.runWorker(ThreadPoolExecutor.java:1090) [?:?]
	at java.base/java.util.concurrent.ThreadPoolExecutor$Worker.run(ThreadPoolExecutor.java:614) [?:?]
	at java.base/java.lang.Thread.run(Thread.java:1474) [?:?]
[02oct2026 17:34:11.181] [Worker-Main-11/INFO] [com.example.examplemod.ExampleMod/]: HELLO FROM CLIENT SETUP
[02oct2026 17:34:11.182] [Worker-Main-11/INFO] [com.example.examplemod.ExampleMod/]: MINECRAFT NAME >> Dev
[02oct2026 17:34:11.307] [Forge Version Check/INFO] [net.minecraftforge.fml.VersionChecker/]: [forge] Starting version check at https://files.minecraftforge.net/net/minecraftforge/forge/promotions_slim.json
[02oct2026 17:34:11.382] [pool-8-thread-1/DEBUG] [net.minecraftforge.fml.config.ConfigFileTypeHandler/CONFIG]: Config file forge-client.toml changed, sending notifies
[02oct2026 17:34:11.383] [pool-8-thread-1/DEBUG] [net.minecraftforge.common.ForgeConfig/FORGEMOD]: Forge config just got changed on the file system!
[02oct2026 17:34:11.913] [Forge Version Check/DEBUG] [net.minecraftforge.fml.VersionChecker/]: [forge] Received version check data:
{
  "homepage": "https://files.minecraftforge.net/net/minecraftforge/forge/",
  "promos": {
    "1.1-latest": "1.3.4.29",
    "1.2.3-latest": "1.4.1.64",
    "1.2.4-latest": "2.0.0.68",
    "1.2.5-latest": "3.4.9.171",
    "1.3.2-latest": "4.3.5.318",
    "1.4.0-latest": "5.0.0.326",
    "1.4.1-latest": "6.0.0.329",
    "1.4.2-latest": "6.0.1.355",
    "1.4.3-latest": "6.2.1.358",
    "1.4.4-latest": "6.3.0.378",
    "1.4.5-latest": "6.4.2.448",
    "1.4.6-latest": "6.5.0.489",
    "1.4.7-latest": "6.6.2.534",
    "1.5-latest": "7.7.0.598",
    "1.5.1-latest": "7.7.2.682",
    "1.5.2-latest": "7.8.1.738",
    "1.5.2-recommended": "7.8.1.738",
    "1.6.1-latest": "8.9.0.775",
    "1.6.2-latest": "9.10.1.871",
    "1.6.2-recommended": "9.10.1.871",
    "1.6.3-latest": "9.11.0.878",
    "1.6.4-latest": "9.11.1.1345",
    "1.6.4-recommended": "9.11.1.1345",
    "1.7.2-latest": "10.12.2.1161",
    "1.7.2-recommended": "10.12.2.1161",
    "1.7.10-latest": "10.13.4.1614",
    "1.7.10-recommended": "10.13.4.1614",
    "1.8-latest": "11.14.4.1577",
    "1.8-recommended": "11.14.4.1563",
    "1.8.8-latest": "11.15.0.1655",
    "1.8.9-latest": "11.15.1.2318",
    "1.8.9-recommended": "11.15.1.2318",
    "1.9-latest": "12.16.1.1938",
    "1.9-recommended": "12.16.1.1887",
    "1.9.4-latest": "12.17.0.2317",
    "1.9.4-recommended": "12.17.0.2317",
    "1.10-latest": "12.18.0.2000",
    "1.10.2-latest": "12.18.3.2511",
    "1.10.2-recommended": "12.18.3.2511",
    "1.11-latest": "13.19.1.2199",
    "1.11-recommended": "13.19.1.2189",
    "1.11.2-latest": "13.20.1.2588",
    "1.11.2-recommended": "13.20.1.2588",
    "1.12-latest": "14.21.1.2443",
    "1.12-recommended": "14.21.1.2387",
    "1.12.1-latest": "14.22.1.2485",
    "1.12.1-recommended": "14.22.1.2478",
    "1.12.2-latest": "14.23.5.2864",
    "1.12.2-recommended": "14.23.5.2859",
    "1.13.2-latest": "25.0.223",
    "1.14.2-latest": "26.0.63",
    "1.14.3-latest": "27.0.60",
    "1.14.4-latest": "28.2.30",
    "1.14.4-recommended": "28.2.26",
    "1.15-latest": "29.0.4",
    "1.15.1-latest": "30.0.51",
    "1.15.2-latest": "31.2.62",
    "1.15.2-recommended": "31.2.57",
    "1.16.1-latest": "32.0.108",
    "1.16.2-latest": "33.0.61",
    "1.16.3-latest": "34.1.42",
    "1.16.3-recommended": "34.1.0",
    "1.16.4-latest": "35.1.37",
    "1.16.4-recommended": "35.1.4",
    "1.16.5-latest": "36.2.42",
    "1.16.5-recommended": "36.2.34",
    "1.17.1-latest": "37.1.1",
    "1.17.1-recommended": "37.1.1",
    "1.18-latest": "38.0.17",
    "1.18.1-latest": "39.1.2",
    "1.18.1-recommended": "39.1.0",
    "1.18.2-recommended": "40.3.0",
    "1.18.2-latest": "40.3.12",
    "1.19-latest": "41.1.0",
    "1.19-recommended": "41.1.0",
    "1.19.1-latest": "42.0.9",
    "1.19.2-recommended": "43.5.0",
    "1.19.2-latest": "43.5.2",
    "1.19.3-latest": "44.1.23",
    "1.19.3-recommended": "44.1.0",
    "1.19.4-recommended": "45.4.0",
    "1.19.4-latest": "45.4.5",
    "1.20-latest": "46.0.14",
    "1.20.1-recommended": "47.4.10",
    "1.20.1-latest": "47.4.26",
    "1.20.2-latest": "48.1.0",
    "1.20.2-recommended": "48.1.0",
    "1.20.3-latest": "49.0.2",
    "1.20.4-latest": "49.2.8",
    "1.20.4-recommended": "49.2.0",
    "1.20.6-latest": "50.2.10",
    "1.20.6-recommended": "50.2.0",
    "1.21-latest": "51.0.33",
    "1.21.1-latest": "52.1.16",
    "1.21.1-recommended": "52.1.0",
    "1.21.3-latest": "53.1.12",
    "1.21.3-recommended": "53.1.0",
    "1.21.4-latest": "54.1.18",
    "1.21.4-recommended": "54.1.14",
    "1.21.5-latest": "55.1.14",
    "1.21.5-recommended": "55.1.0",
    "1.21.6-latest": "56.0.9",
    "1.21.7-latest": "57.0.3",
    "1.21.8-latest": "58.1.22",
    "1.21.8-recommended": "58.1.0",
    "1.21.9-latest": "59.0.5",
    "1.21.10-latest": "60.1.15",
    "1.21.10-recommended": "60.1.0",
    "1.21.11-latest": "61.2.1",
    "1.21.11-recommended": "61.2.0",
    "26.1-latest": "62.0.9",
    "26.1.1-latest": "63.0.2",
    "26.1.2-latest": "64.1.3",
    "26.1.2-recommended": "64.1.0",
    "26.2-latest": "65.1.3",
    "26.2-recommended": "65.1.0",
    "26.3-latest": "66.0.9"
  }
}
[02oct2026 17:34:11.914] [Forge Version Check/INFO] [net.minecraftforge.fml.VersionChecker/]: [forge] Found status: BETA Current: 62.0.9 Target: 62.0.9
[02oct2026 17:34:12.069] [Worker-Main-3/WARN] [net.minecraft.client.resources.model.ModelManager/]: Missing model for variant: 'Block{examplemod:example_block}'
[02oct2026 17:34:12.826] [Render thread/DEBUG] [net.minecraftforge.common.ForgeI18n/CORE]: Loading I18N data entries: 7713
[02oct2026 17:34:12.889] [Render thread/INFO] [com.mojang.blaze3d.audio.Library/]: OpenAL initialized on device OpenAL Soft on Auriculares (WH-CH520)
[02oct2026 17:34:12.891] [Render thread/INFO] [net.minecraft.client.sounds.SoundEngine/SOUNDS]: Sound engine started
[02oct2026 17:34:12.892] [Render thread/INFO] [net.minecraft.client.renderer.texture.TextureAtlas/]: Created: 512x256x0 minecraft:textures/atlas/particles.png-atlas
[02oct2026 17:34:12.905] [Render thread/INFO] [net.minecraft.client.renderer.texture.TextureAtlas/]: Created: 128x128x0 minecraft:textures/atlas/decorated_pot.png-atlas
[02oct2026 17:34:12.907] [Render thread/INFO] [net.minecraft.client.renderer.texture.TextureAtlas/]: Created: 2048x1024x0 minecraft:textures/atlas/armor_trims.png-atlas
[02oct2026 17:34:12.920] [Render thread/INFO] [net.minecraft.client.renderer.texture.TextureAtlas/]: Created: 512x256x0 minecraft:textures/atlas/paintings.png-atlas
[02oct2026 17:34:12.965] [Render thread/INFO] [net.minecraft.client.renderer.texture.TextureAtlas/]: Created: 1024x512x0 minecraft:textures/atlas/shield_patterns.png-atlas
[02oct2026 17:34:12.972] [Render thread/INFO] [net.minecraft.client.renderer.texture.TextureAtlas/]: Created: 2048x2048x4 minecraft:textures/atlas/blocks.png-atlas
[02oct2026 17:34:13.033] [Render thread/INFO] [net.minecraft.client.renderer.texture.TextureAtlas/]: Created: 512x512x0 minecraft:textures/atlas/chest.png-atlas
[02oct2026 17:34:13.067] [Render thread/INFO] [net.minecraft.client.renderer.texture.TextureAtlas/]: Created: 256x128x0 minecraft:textures/atlas/celestials.png-atlas
[02oct2026 17:34:13.068] [Render thread/INFO] [net.minecraft.client.renderer.texture.TextureAtlas/]: Created: 1024x512x0 minecraft:textures/atlas/banner_patterns.png-atlas
[02oct2026 17:34:13.069] [Render thread/INFO] [net.minecraft.client.renderer.texture.TextureAtlas/]: Created: 512x512x0 minecraft:textures/atlas/beds.png-atlas
[02oct2026 17:34:13.081] [Render thread/INFO] [net.minecraft.client.renderer.texture.TextureAtlas/]: Created: 1024x512x0 minecraft:textures/atlas/items.png-atlas
[02oct2026 17:34:13.090] [Render thread/INFO] [net.minecraft.client.renderer.texture.TextureAtlas/]: Created: 1024x1024x0 minecraft:textures/atlas/gui.png-atlas
[02oct2026 17:34:13.123] [Render thread/INFO] [net.minecraft.client.renderer.texture.TextureAtlas/]: Created: 128x64x0 minecraft:textures/atlas/map_decorations.png-atlas
[02oct2026 17:34:13.151] [Render thread/INFO] [net.minecraft.client.renderer.texture.TextureAtlas/]: Created: 512x256x0 minecraft:textures/atlas/signs.png-atlas
[02oct2026 17:34:13.152] [Render thread/INFO] [net.minecraft.client.renderer.texture.TextureAtlas/]: Created: 512x512x0 minecraft:textures/atlas/shulker_boxes.png-atlas
[02oct2026 17:34:13.359] [Render thread/DEBUG] [io.netty.util.internal.InternalThreadLocalMap/]: -Dio.netty.threadLocalMap.stringBuilder.initialSize: 1024
[02oct2026 17:34:13.359] [Render thread/DEBUG] [io.netty.util.internal.InternalThreadLocalMap/]: -Dio.netty.threadLocalMap.stringBuilder.maxSize: 4096
[02oct2026 17:34:13.360] [Render thread/DEBUG] [io.netty.util.internal.ThreadLocalRandom/]: -Dio.netty.initialSeedUniquifier: 0xf7ac9a19041519d7
[02oct2026 17:34:13.445] [IO-Worker-1/INFO] [com.mojang.realmsclient.client.RealmsClient/]: Could not authorize you against Realms server: java.lang.RuntimeException: Failed to parse into SignedJWT: 0
[02oct2026 17:34:13.446] [IO-Worker-1/ERROR] [com.mojang.realmsclient.RealmsAvailability/]: Couldn't connect to realms
com.mojang.realmsclient.exception.RealmsServiceException: Realms authentication error with message 'java.lang.RuntimeException: Failed to parse into SignedJWT: 0'
	at TRANSFORMER/minecraft@26.1/com.mojang.realmsclient.client.RealmsClient.execute(RealmsClient.java:513) ~[forge-26.1-62.0.9.jar%230!/:?]
	at TRANSFORMER/minecraft@26.1/com.mojang.realmsclient.client.RealmsClient.clientCompatible(RealmsClient.java:283) ~[forge-26.1-62.0.9.jar%230!/:?]
	at TRANSFORMER/minecraft@26.1/com.mojang.realmsclient.RealmsAvailability.lambda$check$0(RealmsAvailability.java:50) [forge-26.1-62.0.9.jar%230!/:?]
	at java.base/java.util.concurrent.CompletableFuture$AsyncSupply.run(CompletableFuture.java:1789) [?:?]
	at java.base/java.util.concurrent.ThreadPoolExecutor.runWorker(ThreadPoolExecutor.java:1090) [?:?]
	at java.base/java.util.concurrent.ThreadPoolExecutor$Worker.run(ThreadPoolExecutor.java:614) [?:?]
	at java.base/java.lang.Thread.run(Thread.java:1474) [?:?]
[02oct2026 17:34:17.200] [Render thread/DEBUG] [net.minecraftforge.resource.ResourcePackLoader/CORE]: Generating PackInfo named mod:forge for mod file /
[02oct2026 17:34:17.200] [Render thread/DEBUG] [net.minecraftforge.resource.ResourcePackLoader/CORE]: Generating PackInfo named mod:examplemod for mod file C:\MyDevelopProjects\mods_minecraft\learning-mod\build\sourceSets\main
[02oct2026 17:34:17.647] [Worker-Main-14/DEBUG] [net.minecraftforge.forge.transformers.MethodRedirector/]: Redirecting method call finalizeSpawn(Lnet/minecraft/world/level/ServerLevelAccessor;Lnet/minecraft/world/DifficultyInstance;Lnet/minecraft/world/entity/EntitySpawnReason;Lnet/minecraft/world/entity/SpawnGroupData;)Lnet/minecraft/world/entity/SpawnGroupData; to onFinalizeSpawn(Lnet/minecraft/world/entity/Mob;Lnet/minecraft/world/level/ServerLevelAccessor;Lnet/minecraft/world/DifficultyInstance;Lnet/minecraft/world/entity/EntitySpawnReason;Lnet/minecraft/world/entity/SpawnGroupData;)Lnet/minecraft/world/entity/SpawnGroupData; inside of net/minecraft/server/commands/SummonCommand.createEntity
[02oct2026 17:34:17.692] [Worker-Main-14/DEBUG] [net.minecraftforge.forge.transformers.MethodRedirector/]: Redirecting method call finalizeSpawn(Lnet/minecraft/world/level/ServerLevelAccessor;Lnet/minecraft/world/DifficultyInstance;Lnet/minecraft/world/entity/EntitySpawnReason;Lnet/minecraft/world/entity/SpawnGroupData;)Lnet/minecraft/world/entity/SpawnGroupData; to onFinalizeSpawn(Lnet/minecraft/world/entity/Mob;Lnet/minecraft/world/level/ServerLevelAccessor;Lnet/minecraft/world/DifficultyInstance;Lnet/minecraft/world/entity/EntitySpawnReason;Lnet/minecraft/world/entity/SpawnGroupData;)Lnet/minecraft/world/entity/SpawnGroupData; inside of net/minecraft/server/commands/RaidCommand.spawnLeader
[02oct2026 17:34:17.857] [Render thread/INFO] [net.minecraft.world.item.crafting.RecipeManager/]: Loaded 1516 recipes
[02oct2026 17:34:17.870] [Render thread/INFO] [net.minecraft.advancements.AdvancementTree/]: Loaded 1617 advancements
[02oct2026 17:34:17.910] [Render thread/DEBUG] [net.minecraftforge.common.ForgeHooks/WP]: Gathering id map for writing to world save pruebas_mods
[02oct2026 17:34:17.924] [Render thread/DEBUG] [net.minecraftforge.common.ForgeHooks/WP]: ID Map collection complete pruebas_mods
[02oct2026 17:34:17.993] [Server thread/INFO] [net.minecraft.client.server.IntegratedServer/]: Starting integrated minecraft server version 26.1
[02oct2026 17:34:17.993] [Server thread/INFO] [net.minecraft.server.MinecraftServer/]: Generating keypair
[02oct2026 17:34:18.039] [Server thread/DEBUG] [net.minecraftforge.fml.config.ConfigTracker/CONFIG]: Loading configs type SERVER
[02oct2026 17:34:18.039] [Server thread/DEBUG] [net.minecraftforge.fml.config.ConfigFileTypeHandler/CONFIG]: Built TOML config for .\saves\pruebas_mods\serverconfig\forge-server.toml
[02oct2026 17:34:18.040] [Server thread/DEBUG] [net.minecraftforge.fml.config.ConfigFileTypeHandler/CONFIG]: Loaded TOML config file .\saves\pruebas_mods\serverconfig\forge-server.toml
[02oct2026 17:34:18.040] [Server thread/DEBUG] [net.minecraftforge.fml.config.ConfigFileTypeHandler/CONFIG]: Starting watcher for handler: ConfigFileTypeHandler[SERVER]
[02oct2026 17:34:18.041] [Server thread/DEBUG] [net.minecraftforge.fml.config.ConfigFileTypeHandler/CONFIG]: Watching TOML config file .\saves\pruebas_mods\serverconfig\forge-server.toml for changes
[02oct2026 17:34:18.041] [Server thread/DEBUG] [net.minecraftforge.common.ForgeConfig/FORGEMOD]: Loaded forge config file forge-server.toml
[02oct2026 17:34:18.052] [Server thread/DEBUG] [net.minecraftforge.forge.transformers.MethodRedirector/]: Redirecting method call finalizeSpawn(Lnet/minecraft/world/level/ServerLevelAccessor;Lnet/minecraft/world/DifficultyInstance;Lnet/minecraft/world/entity/EntitySpawnReason;Lnet/minecraft/world/entity/SpawnGroupData;)Lnet/minecraft/world/entity/SpawnGroupData; to onFinalizeSpawn(Lnet/minecraft/world/entity/Mob;Lnet/minecraft/world/level/ServerLevelAccessor;Lnet/minecraft/world/DifficultyInstance;Lnet/minecraft/world/entity/EntitySpawnReason;Lnet/minecraft/world/entity/SpawnGroupData;)Lnet/minecraft/world/entity/SpawnGroupData; inside of net/minecraft/world/level/levelgen/PhantomSpawner.tick
[02oct2026 17:34:18.053] [Server thread/DEBUG] [net.minecraftforge.forge.transformers.MethodRedirector/]: Redirecting method call finalizeSpawn(Lnet/minecraft/world/level/ServerLevelAccessor;Lnet/minecraft/world/DifficultyInstance;Lnet/minecraft/world/entity/EntitySpawnReason;Lnet/minecraft/world/entity/SpawnGroupData;)Lnet/minecraft/world/entity/SpawnGroupData; to onFinalizeSpawn(Lnet/minecraft/world/entity/Mob;Lnet/minecraft/world/level/ServerLevelAccessor;Lnet/minecraft/world/DifficultyInstance;Lnet/minecraft/world/entity/EntitySpawnReason;Lnet/minecraft/world/entity/SpawnGroupData;)Lnet/minecraft/world/entity/SpawnGroupData; inside of net/minecraft/world/level/levelgen/PatrolSpawner.spawnPatrolMember
[02oct2026 17:34:18.053] [Server thread/DEBUG] [net.minecraftforge.forge.transformers.MethodRedirector/]: Redirecting method call finalizeSpawn(Lnet/minecraft/world/level/ServerLevelAccessor;Lnet/minecraft/world/DifficultyInstance;Lnet/minecraft/world/entity/EntitySpawnReason;Lnet/minecraft/world/entity/SpawnGroupData;)Lnet/minecraft/world/entity/SpawnGroupData; to onFinalizeSpawn(Lnet/minecraft/world/entity/Mob;Lnet/minecraft/world/level/ServerLevelAccessor;Lnet/minecraft/world/DifficultyInstance;Lnet/minecraft/world/entity/EntitySpawnReason;Lnet/minecraft/world/entity/SpawnGroupData;)Lnet/minecraft/world/entity/SpawnGroupData; inside of net/minecraft/world/entity/npc/CatSpawner.spawnCat
[02oct2026 17:34:18.054] [Server thread/DEBUG] [net.minecraftforge.forge.transformers.MethodRedirector/]: Redirecting method call finalizeSpawn(Lnet/minecraft/world/level/ServerLevelAccessor;Lnet/minecraft/world/DifficultyInstance;Lnet/minecraft/world/entity/EntitySpawnReason;Lnet/minecraft/world/entity/SpawnGroupData;)Lnet/minecraft/world/entity/SpawnGroupData; to onFinalizeSpawn(Lnet/minecraft/world/entity/Mob;Lnet/minecraft/world/level/ServerLevelAccessor;Lnet/minecraft/world/DifficultyInstance;Lnet/minecraft/world/entity/EntitySpawnReason;Lnet/minecraft/world/entity/SpawnGroupData;)Lnet/minecraft/world/entity/SpawnGroupData; inside of net/minecraft/world/entity/ai/village/VillageSiege.trySpawn
[02oct2026 17:34:18.154] [Server thread/DEBUG] [net.minecraftforge.forge.transformers.MethodRedirector/]: Redirecting method call finalizeSpawn(Lnet/minecraft/world/level/ServerLevelAccessor;Lnet/minecraft/world/DifficultyInstance;Lnet/minecraft/world/entity/EntitySpawnReason;Lnet/minecraft/world/entity/SpawnGroupData;)Lnet/minecraft/world/entity/SpawnGroupData; to onFinalizeSpawn(Lnet/minecraft/world/entity/Mob;Lnet/minecraft/world/level/ServerLevelAccessor;Lnet/minecraft/world/DifficultyInstance;Lnet/minecraft/world/entity/EntitySpawnReason;Lnet/minecraft/world/entity/SpawnGroupData;)Lnet/minecraft/world/entity/SpawnGroupData; inside of net/minecraft/world/entity/raid/Raid.joinRaid
[02oct2026 17:34:18.250] [Server thread/INFO] [net.minecraft.server.level.progress.LoggingLevelLoadListener/]: Loading 0 persistent chunks...
[02oct2026 17:34:18.250] [Server thread/INFO] [net.minecraft.server.level.progress.LoggingLevelLoadListener/]: Preparing spawn area: 16%
[02oct2026 17:34:18.261] [Server thread/INFO] [net.minecraft.server.MinecraftServer/]: Saving chunks for level 'ServerLevel[pruebas_mods]'/minecraft:overworld
[02oct2026 17:34:18.521] [Server thread/INFO] [net.minecraft.server.MinecraftServer/]: Saving chunks for level 'ServerLevel[pruebas_mods]'/minecraft:the_nether
[02oct2026 17:34:18.528] [Server thread/INFO] [net.minecraft.server.MinecraftServer/]: Saving chunks for level 'ServerLevel[pruebas_mods]'/minecraft:the_end
[02oct2026 17:34:18.535] [Server thread/DEBUG] [net.minecraftforge.common.ForgeHooks/WP]: Gathering id map for writing to world save pruebas_mods
[02oct2026 17:34:18.540] [Server thread/DEBUG] [net.minecraftforge.common.ForgeHooks/WP]: ID Map collection complete pruebas_mods
[02oct2026 17:34:18.562] [Server thread/INFO] [net.minecraft.server.MinecraftServer/]: ThreadedAnvilChunkStorage (world): All chunks are saved
[02oct2026 17:34:18.562] [Server thread/INFO] [net.minecraft.server.MinecraftServer/]: ThreadedAnvilChunkStorage (DIM-1): All chunks are saved
[02oct2026 17:34:18.562] [Server thread/INFO] [net.minecraft.server.MinecraftServer/]: ThreadedAnvilChunkStorage (DIM1): All chunks are saved
[02oct2026 17:34:18.563] [Server thread/INFO] [net.minecraft.server.MinecraftServer/]: ThreadedAnvilChunkStorage: All dimensions are saved
[02oct2026 17:34:18.565] [Server thread/INFO] [net.minecraftforge.server.permission.PermissionAPI/]: Successfully initialized permission handler forge:default_handler
[02oct2026 17:34:18.577] [pool-10-thread-1/DEBUG] [net.minecraftforge.fml.config.ConfigFileTypeHandler/CONFIG]: Config file forge-server.toml changed, sending notifies
[02oct2026 17:34:18.577] [pool-10-thread-1/DEBUG] [net.minecraftforge.common.ForgeConfig/FORGEMOD]: Forge config just got changed on the file system!
[02oct2026 17:34:18.589] [Server thread/DEBUG] [io.netty.util.internal.PlatformDependent0/]: Java version: 25
[02oct2026 17:34:18.589] [Server thread/DEBUG] [io.netty.util.internal.PlatformDependent0/]: -Dio.netty.noUnsafe: false
[02oct2026 17:34:18.589] [Server thread/DEBUG] [io.netty.util.internal.PlatformDependent0/]: sun.misc.Unsafe: unavailable (io.netty.noUnsafe=true by default on Java 25+)
[02oct2026 17:34:18.591] [Server thread/DEBUG] [io.netty.util.internal.PlatformDependent0/]: java.nio.DirectByteBuffer.<init>(long, {int,long}): unavailable
[02oct2026 17:34:18.591] [Server thread/DEBUG] [io.netty.util.internal.PlatformDependent/]: maxDirectMemory: 8376025088 bytes (maybe)
[02oct2026 17:34:18.592] [Server thread/DEBUG] [io.netty.util.internal.PlatformDependent/]: -Dio.netty.tmpdir: C:\Users\LUISMO~1\AppData\Local\Temp (java.io.tmpdir)
[02oct2026 17:34:18.592] [Server thread/DEBUG] [io.netty.util.internal.PlatformDependent/]: -Dio.netty.bitMode: 64 (sun.arch.data.model)
[02oct2026 17:34:18.592] [Server thread/DEBUG] [io.netty.util.internal.PlatformDependent/]: Platform: Windows
[02oct2026 17:34:18.592] [Server thread/DEBUG] [io.netty.util.internal.PlatformDependent/]: -Dio.netty.maxDirectMemory: -1 bytes
[02oct2026 17:34:18.593] [Server thread/DEBUG] [io.netty.util.internal.CleanerJava9/]: java.nio.ByteBuffer.cleaner(): unavailable
java.lang.UnsupportedOperationException: sun.misc.Unsafe unavailable
	at SECURE-BOOTSTRAP/io.netty.common@4.2.7.Final/io.netty.util.internal.CleanerJava9.<clinit>(CleanerJava9.java:70) ~[netty-common-4.2.7.Final.jar:4.2.7.Final]
	at SECURE-BOOTSTRAP/io.netty.common@4.2.7.Final/io.netty.util.internal.PlatformDependent.<clinit>(PlatformDependent.java:198) ~[netty-common-4.2.7.Final.jar:4.2.7.Final]
	at SECURE-BOOTSTRAP/io.netty.buffer@4.2.7.Final/io.netty.buffer.UnpooledByteBufAllocator.<clinit>(UnpooledByteBufAllocator.java:38) ~[netty-buffer-4.2.7.Final.jar:4.2.7.Final]
	at SECURE-BOOTSTRAP/io.netty.buffer@4.2.7.Final/io.netty.buffer.Unpooled.<clinit>(Unpooled.java:75) ~[netty-buffer-4.2.7.Final.jar:4.2.7.Final]
	at TRANSFORMER/net.minecraftforge.forge@62.0.9/net.minecraftforge.network.ServerStatusPing.toBuf(ServerStatusPing.java:156) ~[forge-26.1-62.0.9.jar:?]
	at TRANSFORMER/net.minecraftforge.forge@62.0.9/net.minecraftforge.network.ServerStatusPing.lambda$static$1(ServerStatusPing.java:88) ~[forge-26.1-62.0.9.jar:?]
	at SECURE-BOOTSTRAP/datafixerupper@9.0.19/com.mojang.serialization.codecs.RecordCodecBuilder$Instance.lambda$ap2$4(RecordCodecBuilder.java:217) ~[datafixerupper-9.0.19.jar!/:?]
	at SECURE-BOOTSTRAP/datafixerupper@9.0.19/com.mojang.serialization.codecs.RecordCodecBuilder$Instance.lambda$ap3$6(RecordCodecBuilder.java:284) ~[datafixerupper-9.0.19.jar!/:?]
	at SECURE-BOOTSTRAP/datafixerupper@9.0.19/com.mojang.serialization.codecs.RecordCodecBuilder$2.encode(RecordCodecBuilder.java:112) ~[datafixerupper-9.0.19.jar!/:?]
	at SECURE-BOOTSTRAP/datafixerupper@9.0.19/com.mojang.serialization.MapCodec$MapCodecCodec.encode(MapCodec.java:164) ~[datafixerupper-9.0.19.jar!/:?]
	at SECURE-BOOTSTRAP/datafixerupper@9.0.19/com.mojang.serialization.Encoder.encodeStart(Encoder.java:14) ~[datafixerupper-9.0.19.jar!/:?]
	at SECURE-BOOTSTRAP/datafixerupper@9.0.19/com.mojang.serialization.codecs.OptionalFieldCodec.encode(OptionalFieldCodec.java:44) ~[datafixerupper-9.0.19.jar!/:?]
	at SECURE-BOOTSTRAP/datafixerupper@9.0.19/com.mojang.serialization.codecs.OptionalFieldCodec.encode(OptionalFieldCodec.java:17) ~[datafixerupper-9.0.19.jar!/:?]
	at SECURE-BOOTSTRAP/datafixerupper@9.0.19/com.mojang.serialization.codecs.RecordCodecBuilder$Instance$6.encode(RecordCodecBuilder.java:298) ~[datafixerupper-9.0.19.jar!/:?]
	at SECURE-BOOTSTRAP/datafixerupper@9.0.19/com.mojang.serialization.codecs.RecordCodecBuilder$2.encode(RecordCodecBuilder.java:112) ~[datafixerupper-9.0.19.jar!/:?]
	at SECURE-BOOTSTRAP/datafixerupper@9.0.19/com.mojang.serialization.MapCodec$MapCodecCodec.encode(MapCodec.java:164) ~[datafixerupper-9.0.19.jar!/:?]
	at SECURE-BOOTSTRAP/datafixerupper@9.0.19/com.mojang.serialization.Encoder.encodeStart(Encoder.java:14) ~[datafixerupper-9.0.19.jar!/:?]
	at TRANSFORMER/minecraft@26.1/net.minecraft.server.MinecraftServer.resetStatusCache(MinecraftServer.java:2263) [forge-26.1-62.0.9.jar%230!/:?]
	at TRANSFORMER/minecraft@26.1/net.minecraft.server.MinecraftServer.runServer(MinecraftServer.java:746) [forge-26.1-62.0.9.jar%230!/:?]
	at TRANSFORMER/minecraft@26.1/net.minecraft.server.MinecraftServer.lambda$spin$0(MinecraftServer.java:300) [forge-26.1-62.0.9.jar%230!/:?]
	at java.base/java.lang.Thread.run(Thread.java:1474) [?:?]
[02oct2026 17:34:18.598] [Server thread/DEBUG] [io.netty.util.internal.CleanerJava24Linker/]: java.nio.ByteBuffer.cleaner(): unavailable
java.lang.UnsupportedOperationException: Native access (restricted methods) is not enabled for the io.netty.common module.
	at SECURE-BOOTSTRAP/io.netty.common@4.2.7.Final/io.netty.util.internal.CleanerJava24Linker.<clinit>(CleanerJava24Linker.java:78) ~[netty-common-4.2.7.Final.jar:4.2.7.Final]
	at SECURE-BOOTSTRAP/io.netty.common@4.2.7.Final/io.netty.util.internal.PlatformDependent.<clinit>(PlatformDependent.java:200) ~[netty-common-4.2.7.Final.jar:4.2.7.Final]
	at SECURE-BOOTSTRAP/io.netty.buffer@4.2.7.Final/io.netty.buffer.UnpooledByteBufAllocator.<clinit>(UnpooledByteBufAllocator.java:38) ~[netty-buffer-4.2.7.Final.jar:4.2.7.Final]
	at SECURE-BOOTSTRAP/io.netty.buffer@4.2.7.Final/io.netty.buffer.Unpooled.<clinit>(Unpooled.java:75) ~[netty-buffer-4.2.7.Final.jar:4.2.7.Final]
	at TRANSFORMER/net.minecraftforge.forge@62.0.9/net.minecraftforge.network.ServerStatusPing.toBuf(ServerStatusPing.java:156) ~[forge-26.1-62.0.9.jar:?]
	at TRANSFORMER/net.minecraftforge.forge@62.0.9/net.minecraftforge.network.ServerStatusPing.lambda$static$1(ServerStatusPing.java:88) ~[forge-26.1-62.0.9.jar:?]
	at SECURE-BOOTSTRAP/datafixerupper@9.0.19/com.mojang.serialization.codecs.RecordCodecBuilder$Instance.lambda$ap2$4(RecordCodecBuilder.java:217) ~[datafixerupper-9.0.19.jar!/:?]
	at SECURE-BOOTSTRAP/datafixerupper@9.0.19/com.mojang.serialization.codecs.RecordCodecBuilder$Instance.lambda$ap3$6(RecordCodecBuilder.java:284) ~[datafixerupper-9.0.19.jar!/:?]
	at SECURE-BOOTSTRAP/datafixerupper@9.0.19/com.mojang.serialization.codecs.RecordCodecBuilder$2.encode(RecordCodecBuilder.java:112) ~[datafixerupper-9.0.19.jar!/:?]
	at SECURE-BOOTSTRAP/datafixerupper@9.0.19/com.mojang.serialization.MapCodec$MapCodecCodec.encode(MapCodec.java:164) ~[datafixerupper-9.0.19.jar!/:?]
	at SECURE-BOOTSTRAP/datafixerupper@9.0.19/com.mojang.serialization.Encoder.encodeStart(Encoder.java:14) ~[datafixerupper-9.0.19.jar!/:?]
	at SECURE-BOOTSTRAP/datafixerupper@9.0.19/com.mojang.serialization.codecs.OptionalFieldCodec.encode(OptionalFieldCodec.java:44) ~[datafixerupper-9.0.19.jar!/:?]
	at SECURE-BOOTSTRAP/datafixerupper@9.0.19/com.mojang.serialization.codecs.OptionalFieldCodec.encode(OptionalFieldCodec.java:17) ~[datafixerupper-9.0.19.jar!/:?]
	at SECURE-BOOTSTRAP/datafixerupper@9.0.19/com.mojang.serialization.codecs.RecordCodecBuilder$Instance$6.encode(RecordCodecBuilder.java:298) ~[datafixerupper-9.0.19.jar!/:?]
	at SECURE-BOOTSTRAP/datafixerupper@9.0.19/com.mojang.serialization.codecs.RecordCodecBuilder$2.encode(RecordCodecBuilder.java:112) ~[datafixerupper-9.0.19.jar!/:?]
	at SECURE-BOOTSTRAP/datafixerupper@9.0.19/com.mojang.serialization.MapCodec$MapCodecCodec.encode(MapCodec.java:164) ~[datafixerupper-9.0.19.jar!/:?]
	at SECURE-BOOTSTRAP/datafixerupper@9.0.19/com.mojang.serialization.Encoder.encodeStart(Encoder.java:14) ~[datafixerupper-9.0.19.jar!/:?]
	at TRANSFORMER/minecraft@26.1/net.minecraft.server.MinecraftServer.resetStatusCache(MinecraftServer.java:2263) [forge-26.1-62.0.9.jar%230!/:?]
	at TRANSFORMER/minecraft@26.1/net.minecraft.server.MinecraftServer.runServer(MinecraftServer.java:746) [forge-26.1-62.0.9.jar%230!/:?]
	at TRANSFORMER/minecraft@26.1/net.minecraft.server.MinecraftServer.lambda$spin$0(MinecraftServer.java:300) [forge-26.1-62.0.9.jar%230!/:?]
	at java.base/java.lang.Thread.run(Thread.java:1474) [?:?]
[02oct2026 17:34:18.601] [Server thread/DEBUG] [io.netty.util.internal.CleanerJava25/]: java.nio.ByteBuffer.cleaner(): available
[02oct2026 17:34:18.601] [Server thread/DEBUG] [io.netty.util.internal.PlatformDependent/]: -Dio.netty.noPreferDirect: false
[02oct2026 17:34:18.601] [Server thread/DEBUG] [io.netty.util.internal.PlatformDependent/]: -Dio.netty.jfr.enabled: true
[02oct2026 17:34:18.603] [Server thread/DEBUG] [io.netty.util.internal.PlatformDependent/]: java.lang.invoke.VarHandle: available
[02oct2026 17:34:18.603] [Server thread/DEBUG] [io.netty.util.internal.PlatformDependent/]: -Dio.netty.varHandle.enabled: true
[02oct2026 17:34:18.608] [Server thread/DEBUG] [io.netty.buffer.AbstractByteBuf/]: -Dio.netty.buffer.checkAccessible: true
[02oct2026 17:34:18.608] [Server thread/DEBUG] [io.netty.buffer.AbstractByteBuf/]: -Dio.netty.buffer.checkBounds: true
[02oct2026 17:34:18.608] [Server thread/DEBUG] [io.netty.util.ResourceLeakDetectorFactory/]: Loaded default ResourceLeakDetector: io.netty.util.ResourceLeakDetector@3a156191
[02oct2026 17:34:18.613] [Server thread/DEBUG] [io.netty.buffer.AdaptiveByteBufAllocator/]: -Dio.netty.allocator.useCachedMagazinesForNonEventLoopThreads: false
[02oct2026 17:34:18.629] [Server thread/DEBUG] [io.netty.util.Recycler/]: -Dio.netty.recycler.maxCapacityPerThread: 4096
[02oct2026 17:34:18.629] [Server thread/DEBUG] [io.netty.util.Recycler/]: -Dio.netty.recycler.ratio: 8
[02oct2026 17:34:18.629] [Server thread/DEBUG] [io.netty.util.Recycler/]: -Dio.netty.recycler.chunkSize: 32
[02oct2026 17:34:18.629] [Server thread/DEBUG] [io.netty.util.Recycler/]: -Dio.netty.recycler.blocking: false
[02oct2026 17:34:18.629] [Server thread/DEBUG] [io.netty.util.Recycler/]: -Dio.netty.recycler.batchFastThreadLocalOnly: true
[02oct2026 17:34:18.633] [Server thread/DEBUG] [io.netty.buffer.ByteBufUtil/]: -Dio.netty.allocator.type: adaptive
[02oct2026 17:34:18.633] [Server thread/DEBUG] [io.netty.buffer.ByteBufUtil/]: -Dio.netty.threadLocalDirectBufferSize: 0
[02oct2026 17:34:18.633] [Server thread/DEBUG] [io.netty.buffer.ByteBufUtil/]: -Dio.netty.maxThreadLocalCharBufferSize: 16384
[02oct2026 17:34:18.675] [Render thread/DEBUG] [io.netty.channel.MultithreadEventLoopGroup/]: -Dio.netty.eventLoopThreads: 32
[02oct2026 17:34:18.683] [Render thread/DEBUG] [io.netty.util.concurrent.GlobalEventExecutor/]: -Dio.netty.globalEventExecutor.quietPeriodSeconds: 1
[02oct2026 17:34:18.690] [Render thread/DEBUG] [io.netty.util.internal.PlatformDependent/]: org.jctools-core.MpscChunkedArrayQueue: unavailable
[02oct2026 17:34:18.699] [Render thread/DEBUG] [io.netty.channel.DefaultChannelId/]: -Dio.netty.processId: 26576 (auto-detected)
[02oct2026 17:34:18.700] [Render thread/DEBUG] [io.netty.util.NetUtil/]: -Djava.net.preferIPv4Stack: false
[02oct2026 17:34:18.700] [Render thread/DEBUG] [io.netty.util.NetUtil/]: -Djava.net.preferIPv6Addresses: system
[02oct2026 17:34:18.707] [Render thread/DEBUG] [io.netty.util.NetUtilInitializations/]: Loopback interface: loopback_0 (Software Loopback Interface 1, 0:0:0:0:0:0:0:1)
[02oct2026 17:34:18.707] [Render thread/DEBUG] [io.netty.util.NetUtil/]: Failed to get SOMAXCONN from sysctl and file \proc\sys\net\core\somaxconn. Default: 200
[02oct2026 17:34:18.708] [Render thread/DEBUG] [io.netty.channel.DefaultChannelId/]: -Dio.netty.machineId: bc:ec:a0:ff:fe:27:1e:3a (auto-detected)
[02oct2026 17:34:18.718] [Render thread/DEBUG] [io.netty.bootstrap.ChannelInitializerExtensions/]: -Dio.netty.bootstrap.extensions: null
[02oct2026 17:34:18.748] [Netty Local Client IO #0/DEBUG] [net.minecraftforge.network.filters.NetworkFilters/]: Injected net.minecraftforge.network.filters.VanillaConnectionNetworkFilter@682f6418 into net.minecraft.network.Connection@f7efc3b
[02oct2026 17:34:18.845] [Netty Local Client IO #0/DEBUG] [net.minecraftforge.network.ForgePacketHandler/FORGE_PACKET_HANDLER]: Received server connection with modlist [examplemod, forge, minecraft]
[02oct2026 17:34:18.845] [Netty Local Client IO #0/DEBUG] [net.minecraftforge.network.ForgePacketHandler/FORGE_PACKET_HANDLER]: Accepted server connection
[02oct2026 17:34:18.846] [Netty Local Server IO #1/DEBUG] [net.minecraftforge.network.ForgePacketHandler/FORGE_PACKET_HANDLER]: Received client connection with modlist [examplemod, forge, minecraft]
[02oct2026 17:34:18.847] [Netty Local Client IO #0/DEBUG] [net.minecraftforge.network.ForgePacketHandler/FORGE_PACKET_HANDLER]: Received server connection with channels [forge:channel_registration, forge:handshake, forge:login]
[02oct2026 17:34:18.848] [Netty Local Client IO #0/DEBUG] [net.minecraftforge.network.NetworkRegistry/NETREGISTRY]: Channel 'forge:handshake' : Version test of 'PRESENT 0' from server : ACCEPTED
[02oct2026 17:34:18.848] [Netty Local Client IO #0/DEBUG] [net.minecraftforge.network.NetworkRegistry/NETREGISTRY]: Channel 'forge:login' : Version test of 'PRESENT 0' from server : ACCEPTED
[02oct2026 17:34:18.848] [Netty Local Client IO #0/DEBUG] [net.minecraftforge.network.NetworkRegistry/NETREGISTRY]: Channel 'forge:channel_registration' : Version test of 'PRESENT 0' from server : ACCEPTED
[02oct2026 17:34:18.848] [Netty Local Client IO #0/DEBUG] [net.minecraftforge.network.NetworkRegistry/NETREGISTRY]: Accepting channel list from server
[02oct2026 17:34:18.848] [Netty Local Server IO #1/DEBUG] [net.minecraftforge.network.ForgePacketHandler/FORGE_PACKET_HANDLER]: Received client connection with channels [forge:channel_registration, forge:handshake, forge:login]
[02oct2026 17:34:18.849] [Netty Local Server IO #1/DEBUG] [net.minecraftforge.network.NetworkRegistry/NETREGISTRY]: Channel 'forge:handshake' : Version test of 'PRESENT 0' from client : ACCEPTED
[02oct2026 17:34:18.849] [Netty Local Server IO #1/DEBUG] [net.minecraftforge.network.NetworkRegistry/NETREGISTRY]: Channel 'forge:login' : Version test of 'PRESENT 0' from client : ACCEPTED
[02oct2026 17:34:18.849] [Netty Local Server IO #1/DEBUG] [net.minecraftforge.network.NetworkRegistry/NETREGISTRY]: Channel 'forge:channel_registration' : Version test of 'PRESENT 0' from client : ACCEPTED
[02oct2026 17:34:18.849] [Netty Local Server IO #1/DEBUG] [net.minecraftforge.network.NetworkRegistry/NETREGISTRY]: Accepting channel list from client
[02oct2026 17:34:18.852] [Netty Local Client IO #0/DEBUG] [net.minecraftforge.network.ForgePacketHandler/FORGE_PACKET_HANDLER]: Expecting 19 registries: minecraft:command_argument_type, minecraft:recipe_serializer, minecraft:sound_event, minecraft:particle_type, minecraft:villager_profession, minecraft:item, minecraft:potion, minecraft:painting_variant, forge:fluid_type, minecraft:block_entity_type, forge:display_contexts, minecraft:block, forge:entity_data_serializers, minecraft:mob_effect, minecraft:stat_type, minecraft:menu, minecraft:data_component_type, minecraft:fluid, minecraft:entity_type
[02oct2026 17:34:18.852] [Netty Local Server IO #1/DEBUG] [net.minecraftforge.network.ForgePacketHandler/FORGE_PACKET_HANDLER]: Received acknowledgement 0 from client
[02oct2026 17:34:18.853] [Netty Local Client IO #0/DEBUG] [net.minecraftforge.network.ForgePacketHandler/FORGE_PACKET_HANDLER]: Received config sync from server for forge-server.toml
[02oct2026 17:34:18.943] [Server thread/INFO] [net.minecraft.server.level.progress.LoggingLevelLoadListener/]: Loading 49 chunks for player spawn...
[02oct2026 17:34:18.944] [Server thread/INFO] [net.minecraft.server.level.progress.LoggingLevelLoadListener/]: Preparing spawn area: 16%
[02oct2026 17:34:19.117] [Server thread/INFO] [net.minecraft.server.level.progress.LoggingLevelLoadListener/]: Time elapsed: 867 ms
[02oct2026 17:34:19.303] [Server thread/INFO] [net.minecraft.server.players.PlayerList/]: Dev[local:E:5ceee050] logged in with entity id 54 at (-58.36567218332307, 69.0, 21.73016846983614)
[02oct2026 17:34:19.327] [Server thread/INFO] [net.minecraft.server.MinecraftServer/]: Dev joined the game
[02oct2026 17:34:19.364] [Server thread/DEBUG] [net.minecraftforge.forge.transformers.MethodRedirector/]: Redirecting method call finalizeSpawn(Lnet/minecraft/world/level/ServerLevelAccessor;Lnet/minecraft/world/DifficultyInstance;Lnet/minecraft/world/entity/EntitySpawnReason;Lnet/minecraft/world/entity/SpawnGroupData;)Lnet/minecraft/world/entity/SpawnGroupData; to onFinalizeSpawn(Lnet/minecraft/world/entity/Mob;Lnet/minecraft/world/level/ServerLevelAccessor;Lnet/minecraft/world/DifficultyInstance;Lnet/minecraft/world/entity/EntitySpawnReason;Lnet/minecraft/world/entity/SpawnGroupData;)Lnet/minecraft/world/entity/SpawnGroupData; inside of net/minecraft/world/level/NaturalSpawner.spawnCategoryForPosition
[02oct2026 17:34:19.364] [Server thread/DEBUG] [net.minecraftforge.forge.transformers.MethodRedirector/]: Redirecting method call finalizeSpawn(Lnet/minecraft/world/level/ServerLevelAccessor;Lnet/minecraft/world/DifficultyInstance;Lnet/minecraft/world/entity/EntitySpawnReason;Lnet/minecraft/world/entity/SpawnGroupData;)Lnet/minecraft/world/entity/SpawnGroupData; to onFinalizeSpawn(Lnet/minecraft/world/entity/Mob;Lnet/minecraft/world/level/ServerLevelAccessor;Lnet/minecraft/world/DifficultyInstance;Lnet/minecraft/world/entity/EntitySpawnReason;Lnet/minecraft/world/entity/SpawnGroupData;)Lnet/minecraft/world/entity/SpawnGroupData; inside of net/minecraft/world/level/NaturalSpawner.spawnMobsForChunkGeneration
[02oct2026 17:34:19.420] [Server thread/INFO] [net.minecraft.client.server.IntegratedServer/]: Changing view distance to 16, from 10
[02oct2026 17:34:19.422] [Server thread/INFO] [net.minecraft.client.server.IntegratedServer/]: Changing simulation distance to 12, from 0
[02oct2026 17:34:19.426] [Render thread/INFO] [net.minecraft.advancements.AdvancementTree/]: Loaded 30 advancements
[02oct2026 17:34:19.514] [Render thread/INFO] [net.minecraft.client.renderer.DynamicUniformStorage/]: Resizing Dynamic Transforms UBO, capacity limit of 2 reached during a single frame. New capacity will be 4.
[02oct2026 17:34:19.549] [Render thread/INFO] [net.minecraft.client.renderer.DynamicUniformStorage/]: Resizing Dynamic Transforms UBO, capacity limit of 4 reached during a single frame. New capacity will be 8.
[02oct2026 17:34:19.656] [Render thread/INFO] [net.minecraft.client.renderer.DynamicUniformStorage/]: Resizing Chunk Sections UBO, capacity limit of 2 reached during a single frame. New capacity will be 4.
[02oct2026 17:34:19.687] [Render thread/INFO] [net.minecraft.client.renderer.DynamicUniformStorage/]: Resizing Chunk Sections UBO, capacity limit of 4 reached during a single frame. New capacity will be 8.
[02oct2026 17:34:19.753] [Render thread/INFO] [net.minecraft.client.renderer.DynamicUniformStorage/]: Resizing Chunk Sections UBO, capacity limit of 8 reached during a single frame. New capacity will be 16.
[02oct2026 17:34:19.784] [Render thread/INFO] [net.minecraft.client.renderer.DynamicUniformStorage/]: Resizing Chunk Sections UBO, capacity limit of 16 reached during a single frame. New capacity will be 32.
[02oct2026 17:34:19.907] [Render thread/INFO] [net.minecraft.client.renderer.DynamicUniformStorage/]: Resizing Chunk Sections UBO, capacity limit of 32 reached during a single frame. New capacity will be 64.
[02oct2026 17:34:19.919] [Server thread/DEBUG] [net.minecraftforge.forge.transformers.MethodRedirector/]: Redirecting method call finalizeSpawn(Lnet/minecraft/world/level/ServerLevelAccessor;Lnet/minecraft/world/DifficultyInstance;Lnet/minecraft/world/entity/EntitySpawnReason;Lnet/minecraft/world/entity/SpawnGroupData;)Lnet/minecraft/world/entity/SpawnGroupData; to onFinalizeSpawn(Lnet/minecraft/world/entity/Mob;Lnet/minecraft/world/level/ServerLevelAccessor;Lnet/minecraft/world/DifficultyInstance;Lnet/minecraft/world/entity/EntitySpawnReason;Lnet/minecraft/world/entity/SpawnGroupData;)Lnet/minecraft/world/entity/SpawnGroupData; inside of net/minecraft/world/level/levelgen/structure/templatesystem/StructureTemplate.lambda$placeEntities$0
[02oct2026 17:34:19.959] [Render thread/INFO] [net.minecraft.client.renderer.DynamicUniformStorage/]: Resizing Chunk Sections UBO, capacity limit of 64 reached during a single frame. New capacity will be 128.
[02oct2026 17:34:20.276] [Render thread/INFO] [net.minecraft.client.renderer.DynamicUniformStorage/]: Resizing Chunk Sections UBO, capacity limit of 128 reached during a single frame. New capacity will be 256.
[02oct2026 17:34:20.790] [Render thread/INFO] [net.minecraft.client.renderer.DynamicUniformStorage/]: Resizing Chunk Sections UBO, capacity limit of 256 reached during a single frame. New capacity will be 512.
[02oct2026 17:34:21.138] [Server thread/DEBUG] [net.minecraftforge.forge.transformers.MethodRedirector/]: Redirecting method call finalizeSpawn(Lnet/minecraft/world/level/ServerLevelAccessor;Lnet/minecraft/world/DifficultyInstance;Lnet/minecraft/world/entity/EntitySpawnReason;Lnet/minecraft/world/entity/SpawnGroupData;)Lnet/minecraft/world/entity/SpawnGroupData; to onFinalizeSpawn(Lnet/minecraft/world/entity/Mob;Lnet/minecraft/world/level/ServerLevelAccessor;Lnet/minecraft/world/DifficultyInstance;Lnet/minecraft/world/entity/EntitySpawnReason;Lnet/minecraft/world/entity/SpawnGroupData;)Lnet/minecraft/world/entity/SpawnGroupData; inside of net/minecraft/world/level/block/entity/trialspawner/TrialSpawner.spawnMob
[02oct2026 17:34:21.708] [Render thread/INFO] [net.minecraft.client.renderer.DynamicUniformStorage/]: Resizing Chunk Sections UBO, capacity limit of 512 reached during a single frame. New capacity will be 1024.
[02oct2026 17:34:54.116] [Server thread/INFO] [net.minecraft.client.server.IntegratedServer/]: Saving and pausing game...
[02oct2026 17:34:54.129] [Server thread/INFO] [net.minecraft.server.MinecraftServer/]: Saving chunks for level 'ServerLevel[pruebas_mods]'/minecraft:overworld
[02oct2026 17:34:54.149] [Server thread/INFO] [net.minecraft.server.MinecraftServer/]: Saving chunks for level 'ServerLevel[pruebas_mods]'/minecraft:the_nether
[02oct2026 17:34:54.149] [Server thread/INFO] [net.minecraft.server.MinecraftServer/]: Saving chunks for level 'ServerLevel[pruebas_mods]'/minecraft:the_end
[02oct2026 17:34:54.149] [Server thread/DEBUG] [net.minecraftforge.common.ForgeHooks/WP]: Gathering id map for writing to world save pruebas_mods
[02oct2026 17:34:54.155] [Server thread/DEBUG] [net.minecraftforge.common.ForgeHooks/WP]: ID Map collection complete pruebas_mods
[02oct2026 17:34:54.868] [Server thread/INFO] [net.minecraft.server.MinecraftServer/]: Stopping server
[02oct2026 17:34:54.869] [Server thread/INFO] [net.minecraft.server.MinecraftServer/]: Saving players
[02oct2026 17:34:54.882] [Server thread/INFO] [net.minecraft.server.network.ServerGamePacketListenerImpl/]: Dev lost connection: Disconnected
[02oct2026 17:34:54.882] [Server thread/INFO] [net.minecraft.server.MinecraftServer/]: Dev left the game
[02oct2026 17:34:54.891] [Server thread/INFO] [net.minecraft.server.network.ServerCommonPacketListenerImpl/]: Stopping singleplayer server as player logged out
[02oct2026 17:34:54.891] [Server thread/INFO] [net.minecraft.server.MinecraftServer/]: Saving worlds
[02oct2026 17:34:55.008] [Server thread/INFO] [net.minecraft.server.MinecraftServer/]: Saving chunks for level 'ServerLevel[pruebas_mods]'/minecraft:overworld
[02oct2026 17:34:55.527] [Server thread/INFO] [net.minecraft.server.MinecraftServer/]: Saving chunks for level 'ServerLevel[pruebas_mods]'/minecraft:the_nether
[02oct2026 17:34:55.533] [Server thread/INFO] [net.minecraft.server.MinecraftServer/]: Saving chunks for level 'ServerLevel[pruebas_mods]'/minecraft:the_end
[02oct2026 17:34:55.539] [Server thread/DEBUG] [net.minecraftforge.common.ForgeHooks/WP]: Gathering id map for writing to world save pruebas_mods
[02oct2026 17:34:55.542] [Server thread/DEBUG] [net.minecraftforge.common.ForgeHooks/WP]: ID Map collection complete pruebas_mods
[02oct2026 17:34:55.552] [Server thread/INFO] [net.minecraft.server.MinecraftServer/]: ThreadedAnvilChunkStorage (world): All chunks are saved
[02oct2026 17:34:55.552] [Server thread/INFO] [net.minecraft.server.MinecraftServer/]: ThreadedAnvilChunkStorage (DIM-1): All chunks are saved
[02oct2026 17:34:55.552] [Server thread/INFO] [net.minecraft.server.MinecraftServer/]: ThreadedAnvilChunkStorage (DIM1): All chunks are saved
[02oct2026 17:34:55.552] [Server thread/INFO] [net.minecraft.server.MinecraftServer/]: ThreadedAnvilChunkStorage: All dimensions are saved
[02oct2026 17:34:55.893] [Server thread/DEBUG] [net.minecraftforge.fml.config.ConfigTracker/CONFIG]: Unloading configs type SERVER
[02oct2026 17:34:55.894] [Server thread/DEBUG] [net.minecraftforge.fml.config.ConfigFileTypeHandler/CONFIG]: Stopping watcher for hander: ConfigFileTypeHandler[SERVER]
[02oct2026 17:34:56.397] [pool-10-thread-1/DEBUG] [net.minecraftforge.fml.config.ConfigFileTypeHandler/CONFIG]: Config file forge-server.toml changed, sending notifies
[02oct2026 17:34:56.397] [pool-10-thread-1/DEBUG] [net.minecraftforge.common.ForgeConfig/FORGEMOD]: Forge config just got changed on the file system!
[02oct2026 17:34:56.480] [Render thread/INFO] [net.minecraft.client.Minecraft/]: Stopping!
[02oct2026 17:34:56.516] [Render thread/DEBUG] [net.minecraftforge.fml.config.ConfigTracker/CONFIG]: Unloading configs type CLIENT
[02oct2026 17:34:56.518] [Render thread/DEBUG] [net.minecraftforge.fml.config.ConfigFileTypeHandler/CONFIG]: Stopping watcher for hander: ConfigFileTypeHandler[CLIENT]
[02oct2026 17:34:56.518] [Render thread/DEBUG] [net.minecraftforge.fml.config.ConfigTracker/CONFIG]: Unloading configs type COMMON
[02oct2026 17:34:56.520] [Render thread/DEBUG] [net.minecraftforge.fml.config.ConfigFileTypeHandler/CONFIG]: Stopping watcher for hander: ConfigFileTypeHandler[COMMON]
